mode,flow,step,iteration,time_seconds,bytes_note
BLS,single,keygen,1,0.312268,
BLS,single,private_key_size,1,0,IssuerA_privateKey.json=109
BLS,single,public_key_size,1,0,IssuerA_publicKey.json=140
BLS,single,create_credential_and_sign_root,1,0.376642,
BLS,single,credential_size,1,0,IssuerA_claimsA_issued_credential.json=306
BLS,single,signature_file_size,1,0,IssuerA_claimsA_signature.json=320
BLS,single,create_required_claims,1,0.272607,
BLS,single,create_selective_disclosure,1,7.140291,
BLS,single,revealed_claims_size,1,0,revealedClaims_IssuerA_claimsA_issued_credential.json=8105
BLS,single,verify_single,1,4.440279,
Falcon,single,keygen,1,0.625511,
Falcon,single,private_key_size,1,0,IssuerA_falcon_privateKey.json=2607
Falcon,single,public_key_size,1,0,IssuerA_falcon_publicKey.json=1838
Falcon,single,create_credential_and_sign_root,1,0.355425,
Falcon,single,credential_size,1,0,IssuerA_claimsA_issued_credential.json=306
Falcon,single,signature_file_size,1,0,IssuerA_claimsA_signature.json=1460
Falcon,single,create_required_claims,1,0.249110,
Falcon,single,create_selective_disclosure,1,6.275340,
Falcon,single,revealed_claims_size,1,0,revealedClaims_IssuerA_claimsA_issued_credential.json=8105
Falcon,single,verify_single,1,4.367328,
BLS,multiple,keygen_A,1,0.218372,
BLS,multiple,keygen_B,1,0.195847,
BLS,multiple,private_key_A_size,1,0,IssuerA_privateKey.json=109
BLS,multiple,public_key_A_size,1,0,IssuerA_publicKey.json=140
BLS,multiple,private_key_B_size,1,0,IssuerB_privateKey.json=109
BLS,multiple,public_key_B_size,1,0,IssuerB_publicKey.json=140
BLS,multiple,create_credential_A_and_sign_root,1,0.315926,
BLS,multiple,create_credential_B_and_sign_root,1,0.315875,
BLS,multiple,credential_A_size,1,0,IssuerA_claimsA_issued_credential.json=306
BLS,multiple,credential_B_size,1,0,IssuerB_claimsB_issued_credential.json=306
BLS,multiple,signature_A_file_size,1,0,IssuerA_claimsA_signature.json=320
BLS,multiple,signature_B_file_size,1,0,IssuerB_claimsB_signature.json=320
BLS,multiple,create_required_claims_A,1,0.246540,
BLS,multiple,create_required_claims_B,1,0.249566,
BLS,multiple,create_selective_disclosure_A,1,6.162206,
BLS,multiple,create_selective_disclosure_B,1,0.904667,
BLS,multiple,revealed_claims_A_size,1,0,revealedClaims_IssuerA_claimsA_issued_credential.json=8106
BLS,multiple,revealed_claims_B_size,1,0,revealedClaims_IssuerB_claimsB_issued_credential.json=5131
BLS,multiple,verify_single_A,1,4.523775,
BLS,multiple,verify_single_B,1,0.642488,
BLS,multiple,create_presentation,1,0.216516,
BLS,multiple,aggregated_presentation_size,1,0,aggregatedClaimsAndSignatures.json=13668
BLS,multiple,verify_multiple,1,0.322116,
Falcon,multiple,keygen_A,1,0.605449,
Falcon,multiple,keygen_B,1,0.690535,
Falcon,multiple,private_key_A_size,1,0,IssuerA_falcon_privateKey.json=2607
Falcon,multiple,public_key_A_size,1,0,IssuerA_falcon_publicKey.json=1838
Falcon,multiple,private_key_B_size,1,0,IssuerB_falcon_privateKey.json=2607
Falcon,multiple,public_key_B_size,1,0,IssuerB_falcon_publicKey.json=1838
Falcon,multiple,create_credential_A_and_sign_root,1,0.312223,
Falcon,multiple,create_credential_B_and_sign_root,1,0.304426,
Falcon,multiple,credential_A_size,1,0,IssuerA_claimsA_issued_credential.json=306
Falcon,multiple,credential_B_size,1,0,IssuerB_claimsB_issued_credential.json=307
Falcon,multiple,signature_A_file_size,1,0,IssuerA_claimsA_signature.json=1460
Falcon,multiple,signature_B_file_size,1,0,IssuerB_claimsB_signature.json=1460
Falcon,multiple,create_required_claims_A,1,0.246894,
Falcon,multiple,create_required_claims_B,1,0.248335,
Falcon,multiple,create_selective_disclosure_A,1,6.251136,
Falcon,multiple,create_selective_disclosure_B,1,0.703745,
Falcon,multiple,revealed_claims_A_size,1,0,revealedClaims_IssuerA_claimsA_issued_credential.json=8104
Falcon,multiple,revealed_claims_B_size,1,0,revealedClaims_IssuerB_claimsB_issued_credential.json=5130
Falcon,multiple,verify_single_A,1,4.364749,
Falcon,multiple,verify_single_B,1,0.614971,
Falcon,multiple,create_presentation,1,0.194735,
Falcon,multiple,aggregated_presentation_size,1,0,aggregatedClaimsAndSignatures.json=16308
Falcon,multiple,verify_multiple,1,0.301943,
BLS,single,keygen,2,0.210643,
BLS,single,private_key_size,2,0,IssuerA_privateKey.json=109
BLS,single,public_key_size,2,0,IssuerA_publicKey.json=140
BLS,single,create_credential_and_sign_root,2,0.305467,
BLS,single,credential_size,2,0,IssuerA_claimsA_issued_credential.json=306
BLS,single,signature_file_size,2,0,IssuerA_claimsA_signature.json=320
BLS,single,create_required_claims,2,0.242652,
BLS,single,create_selective_disclosure,2,6.114450,
BLS,single,revealed_claims_size,2,0,revealedClaims_IssuerA_claimsA_issued_credential.json=8104
BLS,single,verify_single,2,4.396244,
Falcon,single,keygen,2,0.627001,
Falcon,single,private_key_size,2,0,IssuerA_falcon_privateKey.json=2607
Falcon,single,public_key_size,2,0,IssuerA_falcon_publicKey.json=1838
Falcon,single,create_credential_and_sign_root,2,0.300597,
Falcon,single,credential_size,2,0,IssuerA_claimsA_issued_credential.json=307
Falcon,single,signature_file_size,2,0,IssuerA_claimsA_signature.json=1460
Falcon,single,create_required_claims,2,0.240403,
Falcon,single,create_selective_disclosure,2,6.122821,
Falcon,single,revealed_claims_size,2,0,revealedClaims_IssuerA_claimsA_issued_credential.json=8108
Falcon,single,verify_single,2,4.440433,
BLS,multiple,keygen_A,2,0.205205,
BLS,multiple,keygen_B,2,0.192283,
BLS,multiple,private_key_A_size,2,0,IssuerA_privateKey.json=109
BLS,multiple,public_key_A_size,2,0,IssuerA_publicKey.json=140
BLS,multiple,private_key_B_size,2,0,IssuerB_privateKey.json=109
BLS,multiple,public_key_B_size,2,0,IssuerB_publicKey.json=140
BLS,multiple,create_credential_A_and_sign_root,2,0.373290,
BLS,multiple,create_credential_B_and_sign_root,2,0.305482,
BLS,multiple,credential_A_size,2,0,IssuerA_claimsA_issued_credential.json=306
BLS,multiple,credential_B_size,2,0,IssuerB_claimsB_issued_credential.json=307
BLS,multiple,signature_A_file_size,2,0,IssuerA_claimsA_signature.json=320
BLS,multiple,signature_B_file_size,2,0,IssuerB_claimsB_signature.json=320
BLS,multiple,create_required_claims_A,2,0.243036,
BLS,multiple,create_required_claims_B,2,0.243881,
BLS,multiple,create_selective_disclosure_A,2,6.112303,
BLS,multiple,create_selective_disclosure_B,2,0.690443,
BLS,multiple,revealed_claims_A_size,2,0,revealedClaims_IssuerA_claimsA_issued_credential.json=8105
BLS,multiple,revealed_claims_B_size,2,0,revealedClaims_IssuerB_claimsB_issued_credential.json=5132
BLS,multiple,verify_single_A,2,4.512796,
BLS,multiple,verify_single_B,2,0.616458,
BLS,multiple,create_presentation,2,0.195540,
BLS,multiple,aggregated_presentation_size,2,0,aggregatedClaimsAndSignatures.json=13668
BLS,multiple,verify_multiple,2,0.317216,
Falcon,multiple,keygen_A,2,0.612652,
Falcon,multiple,keygen_B,2,0.624359,
Falcon,multiple,private_key_A_size,2,0,IssuerA_falcon_privateKey.json=2607
Falcon,multiple,public_key_A_size,2,0,IssuerA_falcon_publicKey.json=1838
Falcon,multiple,private_key_B_size,2,0,IssuerB_falcon_privateKey.json=2607
Falcon,multiple,public_key_B_size,2,0,IssuerB_falcon_publicKey.json=1838
Falcon,multiple,create_credential_A_and_sign_root,2,0.309501,
Falcon,multiple,create_credential_B_and_sign_root,2,0.304800,
Falcon,multiple,credential_A_size,2,0,IssuerA_claimsA_issued_credential.json=306
Falcon,multiple,credential_B_size,2,0,IssuerB_claimsB_issued_credential.json=306
Falcon,multiple,signature_A_file_size,2,0,IssuerA_claimsA_signature.json=1460
Falcon,multiple,signature_B_file_size,2,0,IssuerB_claimsB_signature.json=1460
Falcon,multiple,create_required_claims_A,2,0.246737,
Falcon,multiple,create_required_claims_B,2,0.243166,
Falcon,multiple,create_selective_disclosure_A,2,6.238402,
Falcon,multiple,create_selective_disclosure_B,2,0.689740,
Falcon,multiple,revealed_claims_A_size,2,0,revealedClaims_IssuerA_claimsA_issued_credential.json=8106
Falcon,multiple,revealed_claims_B_size,2,0,revealedClaims_IssuerB_claimsB_issued_credential.json=5132
Falcon,multiple,verify_single_A,2,4.425206,
Falcon,multiple,verify_single_B,2,0.638132,
Falcon,multiple,create_presentation,2,0.197889,
Falcon,multiple,aggregated_presentation_size,2,0,aggregatedClaimsAndSignatures.json=16312
Falcon,multiple,verify_multiple,2,0.296283,
BLS,single,keygen,3,0.205801,
BLS,single,private_key_size,3,0,IssuerA_privateKey.json=109
BLS,single,public_key_size,3,0,IssuerA_publicKey.json=140
BLS,single,create_credential_and_sign_root,3,0.306737,
BLS,single,credential_size,3,0,IssuerA_claimsA_issued_credential.json=307
BLS,single,signature_file_size,3,0,IssuerA_claimsA_signature.json=320
BLS,single,create_required_claims,3,0.247106,
BLS,single,create_selective_disclosure,3,6.155254,
BLS,single,revealed_claims_size,3,0,revealedClaims_IssuerA_claimsA_issued_credential.json=8108
BLS,single,verify_single,3,4.525866,
Falcon,single,keygen,3,0.601523,
Falcon,single,private_key_size,3,0,IssuerA_falcon_privateKey.json=2607
Falcon,single,public_key_size,3,0,IssuerA_falcon_publicKey.json=1838
Falcon,single,create_credential_and_sign_root,3,0.312461,
Falcon,single,credential_size,3,0,IssuerA_claimsA_issued_credential.json=306
Falcon,single,signature_file_size,3,0,IssuerA_claimsA_signature.json=1460
Falcon,single,create_required_claims,3,0.246707,
Falcon,single,create_selective_disclosure,3,6.120032,
Falcon,single,revealed_claims_size,3,0,revealedClaims_IssuerA_claimsA_issued_credential.json=8106
Falcon,single,verify_single,3,4.381867,
BLS,multiple,keygen_A,3,0.193192,
BLS,multiple,keygen_B,3,0.193247,
BLS,multiple,private_key_A_size,3,0,IssuerA_privateKey.json=109
BLS,multiple,public_key_A_size,3,0,IssuerA_publicKey.json=140
BLS,multiple,private_key_B_size,3,0,IssuerB_privateKey.json=109
BLS,multiple,public_key_B_size,3,0,IssuerB_publicKey.json=140
BLS,multiple,create_credential_A_and_sign_root,3,0.313082,
BLS,multiple,create_credential_B_and_sign_root,3,0.488951,
BLS,multiple,credential_A_size,3,0,IssuerA_claimsA_issued_credential.json=306
BLS,multiple,credential_B_size,3,0,IssuerB_claimsB_issued_credential.json=306
BLS,multiple,signature_A_file_size,3,0,IssuerA_claimsA_signature.json=320
BLS,multiple,signature_B_file_size,3,0,IssuerB_claimsB_signature.json=320
BLS,multiple,create_required_claims_A,3,0.252945,
BLS,multiple,create_required_claims_B,3,0.245843,
BLS,multiple,create_selective_disclosure_A,3,6.082228,
BLS,multiple,create_selective_disclosure_B,3,0.682031,
BLS,multiple,revealed_claims_A_size,3,0,revealedClaims_IssuerA_claimsA_issued_credential.json=8105
BLS,multiple,revealed_claims_B_size,3,0,revealedClaims_IssuerB_claimsB_issued_credential.json=5132
BLS,multiple,verify_single_A,3,4.416952,
BLS,multiple,verify_single_B,3,0.636582,
BLS,multiple,create_presentation,3,0.193417,
BLS,multiple,aggregated_presentation_size,3,0,aggregatedClaimsAndSignatures.json=13668
BLS,multiple,verify_multiple,3,0.332796,
Falcon,multiple,keygen_A,3,0.615738,
Falcon,multiple,keygen_B,3,0.603235,
Falcon,multiple,private_key_A_size,3,0,IssuerA_falcon_privateKey.json=2607
Falcon,multiple,public_key_A_size,3,0,IssuerA_falcon_publicKey.json=1838
Falcon,multiple,private_key_B_size,3,0,IssuerB_falcon_privateKey.json=2607
Falcon,multiple,public_key_B_size,3,0,IssuerB_falcon_publicKey.json=1838
Falcon,multiple,create_credential_A_and_sign_root,3,0.308753,
Falcon,multiple,create_credential_B_and_sign_root,3,0.303663,
Falcon,multiple,credential_A_size,3,0,IssuerA_claimsA_issued_credential.json=306
Falcon,multiple,credential_B_size,3,0,IssuerB_claimsB_issued_credential.json=305
Falcon,multiple,signature_A_file_size,3,0,IssuerA_claimsA_signature.json=1460
Falcon,multiple,signature_B_file_size,3,0,IssuerB_claimsB_signature.json=1460
Falcon,multiple,create_required_claims_A,3,0.239879,
Falcon,multiple,create_required_claims_B,3,0.241227,
Falcon,multiple,create_selective_disclosure_A,3,6.173645,
Falcon,multiple,create_selective_disclosure_B,3,0.705867,
Falcon,multiple,revealed_claims_A_size,3,0,revealedClaims_IssuerA_claimsA_issued_credential.json=8106
Falcon,multiple,revealed_claims_B_size,3,0,revealedClaims_IssuerB_claimsB_issued_credential.json=5131
Falcon,multiple,verify_single_A,3,4.463540,
Falcon,multiple,verify_single_B,3,0.614826,
Falcon,multiple,create_presentation,3,0.198170,
Falcon,multiple,aggregated_presentation_size,3,0,aggregatedClaimsAndSignatures.json=16311
Falcon,multiple,verify_multiple,3,0.301304,
BLS,single,keygen,4,0.193783,
BLS,single,private_key_size,4,0,IssuerA_privateKey.json=109
BLS,single,public_key_size,4,0,IssuerA_publicKey.json=140
BLS,single,create_credential_and_sign_root,4,0.304200,
BLS,single,credential_size,4,0,IssuerA_claimsA_issued_credential.json=306
BLS,single,signature_file_size,4,0,IssuerA_claimsA_signature.json=320
BLS,single,create_required_claims,4,0.248072,
BLS,single,create_selective_disclosure,4,6.083330,
BLS,single,revealed_claims_size,4,0,revealedClaims_IssuerA_claimsA_issued_credential.json=8105
BLS,single,verify_single,4,4.392215,
Falcon,single,keygen,4,0.643407,
Falcon,single,private_key_size,4,0,IssuerA_falcon_privateKey.json=2607
Falcon,single,public_key_size,4,0,IssuerA_falcon_publicKey.json=1838
Falcon,single,create_credential_and_sign_root,4,0.300377,
Falcon,single,credential_size,4,0,IssuerA_claimsA_issued_credential.json=306
Falcon,single,signature_file_size,4,0,IssuerA_claimsA_signature.json=1460
Falcon,single,create_required_claims,4,0.241266,
Falcon,single,create_selective_disclosure,4,6.377432,
Falcon,single,revealed_claims_size,4,0,revealedClaims_IssuerA_claimsA_issued_credential.json=8106
Falcon,single,verify_single,4,4.387756,
BLS,multiple,keygen_A,4,0.194633,
BLS,multiple,keygen_B,4,0.205491,
BLS,multiple,private_key_A_size,4,0,IssuerA_privateKey.json=109
BLS,multiple,public_key_A_size,4,0,IssuerA_publicKey.json=140
BLS,multiple,private_key_B_size,4,0,IssuerB_privateKey.json=109
BLS,multiple,public_key_B_size,4,0,IssuerB_publicKey.json=140
BLS,multiple,create_credential_A_and_sign_root,4,0.306306,
BLS,multiple,create_credential_B_and_sign_root,4,0.305273,
BLS,multiple,credential_A_size,4,0,IssuerA_claimsA_issued_credential.json=306
BLS,multiple,credential_B_size,4,0,IssuerB_claimsB_issued_credential.json=306
BLS,multiple,signature_A_file_size,4,0,IssuerA_claimsA_signature.json=320
BLS,multiple,signature_B_file_size,4,0,IssuerB_claimsB_signature.json=320
BLS,multiple,create_required_claims_A,4,0.277276,
BLS,multiple,create_required_claims_B,4,0.279788,
BLS,multiple,create_selective_disclosure_A,4,6.070536,
BLS,multiple,create_selective_disclosure_B,4,0.682169,
BLS,multiple,revealed_claims_A_size,4,0,revealedClaims_IssuerA_claimsA_issued_credential.json=8106
BLS,multiple,revealed_claims_B_size,4,0,revealedClaims_IssuerB_claimsB_issued_credential.json=5132
BLS,multiple,verify_single_A,4,4.395810,
BLS,multiple,verify_single_B,4,0.642283,
BLS,multiple,create_presentation,4,0.190077,
BLS,multiple,aggregated_presentation_size,4,0,aggregatedClaimsAndSignatures.json=13669
BLS,multiple,verify_multiple,4,0.327524,
Falcon,multiple,keygen_A,4,0.593886,
Falcon,multiple,keygen_B,4,0.479527,
Falcon,multiple,private_key_A_size,4,0,IssuerA_falcon_privateKey.json=2607
Falcon,multiple,public_key_A_size,4,0,IssuerA_falcon_publicKey.json=1838
Falcon,multiple,private_key_B_size,4,0,IssuerB_falcon_privateKey.json=2607
Falcon,multiple,public_key_B_size,4,0,IssuerB_falcon_publicKey.json=1838
Falcon,multiple,create_credential_A_and_sign_root,4,0.314586,
Falcon,multiple,create_credential_B_and_sign_root,4,0.299591,
Falcon,multiple,credential_A_size,4,0,IssuerA_claimsA_issued_credential.json=305
Falcon,multiple,credential_B_size,4,0,IssuerB_claimsB_issued_credential.json=306
Falcon,multiple,signature_A_file_size,4,0,IssuerA_claimsA_signature.json=1460
Falcon,multiple,signature_B_file_size,4,0,IssuerB_claimsB_signature.json=1460
Falcon,multiple,create_required_claims_A,4,0.240934,
Falcon,multiple,create_required_claims_B,4,0.241907,
Falcon,multiple,create_selective_disclosure_A,4,6.014600,
Falcon,multiple,create_selective_disclosure_B,4,0.707481,
Falcon,multiple,revealed_claims_A_size,4,0,revealedClaims_IssuerA_claimsA_issued_credential.json=8103
Falcon,multiple,revealed_claims_B_size,4,0,revealedClaims_IssuerB_claimsB_issued_credential.json=5132
Falcon,multiple,verify_single_A,4,4.374112,
Falcon,multiple,verify_single_B,4,0.616686,
Falcon,multiple,create_presentation,4,0.188908,
Falcon,multiple,aggregated_presentation_size,4,0,aggregatedClaimsAndSignatures.json=16309
Falcon,multiple,verify_multiple,4,0.336382,
BLS,single,keygen,5,0.228558,
BLS,single,private_key_size,5,0,IssuerA_privateKey.json=109
BLS,single,public_key_size,5,0,IssuerA_publicKey.json=140
BLS,single,create_credential_and_sign_root,5,0.306121,
BLS,single,credential_size,5,0,IssuerA_claimsA_issued_credential.json=306
BLS,single,signature_file_size,5,0,IssuerA_claimsA_signature.json=320
BLS,single,create_required_claims,5,0.242239,
BLS,single,create_selective_disclosure,5,6.334809,
BLS,single,revealed_claims_size,5,0,revealedClaims_IssuerA_claimsA_issued_credential.json=8104
BLS,single,verify_single,5,4.379605,
Falcon,single,keygen,5,0.808338,
Falcon,single,private_key_size,5,0,IssuerA_falcon_privateKey.json=2607
Falcon,single,public_key_size,5,0,IssuerA_falcon_publicKey.json=1838
Falcon,single,create_credential_and_sign_root,5,0.301206,
Falcon,single,credential_size,5,0,IssuerA_claimsA_issued_credential.json=306
Falcon,single,signature_file_size,5,0,IssuerA_claimsA_signature.json=1460
Falcon,single,create_required_claims,5,0.378289,
Falcon,single,create_selective_disclosure,5,6.076127,
Falcon,single,revealed_claims_size,5,0,revealedClaims_IssuerA_claimsA_issued_credential.json=8106
Falcon,single,verify_single,5,4.371091,
BLS,multiple,keygen_A,5,0.197538,
BLS,multiple,keygen_B,5,0.202323,
BLS,multiple,private_key_A_size,5,0,IssuerA_privateKey.json=109
BLS,multiple,public_key_A_size,5,0,IssuerA_publicKey.json=140
BLS,multiple,private_key_B_size,5,0,IssuerB_privateKey.json=109
BLS,multiple,public_key_B_size,5,0,IssuerB_publicKey.json=140
BLS,multiple,create_credential_A_and_sign_root,5,0.312366,
BLS,multiple,create_credential_B_and_sign_root,5,0.306645,
BLS,multiple,credential_A_size,5,0,IssuerA_claimsA_issued_credential.json=306
BLS,multiple,credential_B_size,5,0,IssuerB_claimsB_issued_credential.json=305
BLS,multiple,signature_A_file_size,5,0,IssuerA_claimsA_signature.json=320
BLS,multiple,signature_B_file_size,5,0,IssuerB_claimsB_signature.json=320
BLS,multiple,create_required_claims_A,5,0.242284,
BLS,multiple,create_required_claims_B,5,0.241551,
BLS,multiple,create_selective_disclosure_A,5,6.059037,
BLS,multiple,create_selective_disclosure_B,5,0.695730,
BLS,multiple,revealed_claims_A_size,5,0,revealedClaims_IssuerA_claimsA_issued_credential.json=8106
BLS,multiple,revealed_claims_B_size,5,0,revealedClaims_IssuerB_claimsB_issued_credential.json=5131
BLS,multiple,verify_single_A,5,4.343205,
BLS,multiple,verify_single_B,5,0.611835,
BLS,multiple,create_presentation,5,0.194539,
BLS,multiple,aggregated_presentation_size,5,0,aggregatedClaimsAndSignatures.json=13668
BLS,multiple,verify_multiple,5,0.318782,
Falcon,multiple,keygen_A,5,0.615343,
Falcon,multiple,keygen_B,5,0.609290,
Falcon,multiple,private_key_A_size,5,0,IssuerA_falcon_privateKey.json=2607
Falcon,multiple,public_key_A_size,5,0,IssuerA_falcon_publicKey.json=1838
Falcon,multiple,private_key_B_size,5,0,IssuerB_falcon_privateKey.json=2607
Falcon,multiple,public_key_B_size,5,0,IssuerB_falcon_publicKey.json=1838
Falcon,multiple,create_credential_A_and_sign_root,5,0.303618,
Falcon,multiple,create_credential_B_and_sign_root,5,0.301968,
Falcon,multiple,credential_A_size,5,0,IssuerA_claimsA_issued_credential.json=307
Falcon,multiple,credential_B_size,5,0,IssuerB_claimsB_issued_credential.json=306
Falcon,multiple,signature_A_file_size,5,0,IssuerA_claimsA_signature.json=1460
Falcon,multiple,signature_B_file_size,5,0,IssuerB_claimsB_signature.json=1460
Falcon,multiple,create_required_claims_A,5,0.237042,
Falcon,multiple,create_required_claims_B,5,0.244494,
Falcon,multiple,create_selective_disclosure_A,5,6.105112,
Falcon,multiple,create_selective_disclosure_B,5,0.681973,
Falcon,multiple,revealed_claims_A_size,5,0,revealedClaims_IssuerA_claimsA_issued_credential.json=8108
Falcon,multiple,revealed_claims_B_size,5,0,revealedClaims_IssuerB_claimsB_issued_credential.json=5132
Falcon,multiple,verify_single_A,5,4.404897,
Falcon,multiple,verify_single_B,5,0.827985,
Falcon,multiple,create_presentation,5,0.194965,
Falcon,multiple,aggregated_presentation_size,5,0,aggregatedClaimsAndSignatures.json=16314
Falcon,multiple,verify_multiple,5,0.310243,
BLS,single,keygen,6,0.201625,
BLS,single,private_key_size,6,0,IssuerA_privateKey.json=109
BLS,single,public_key_size,6,0,IssuerA_publicKey.json=140
BLS,single,create_credential_and_sign_root,6,0.306706,
BLS,single,credential_size,6,0,IssuerA_claimsA_issued_credential.json=306
BLS,single,signature_file_size,6,0,IssuerA_claimsA_signature.json=320
BLS,single,create_required_claims,6,0.243734,
BLS,single,create_selective_disclosure,6,6.191596,
BLS,single,revealed_claims_size,6,0,revealedClaims_IssuerA_claimsA_issued_credential.json=8106
BLS,single,verify_single,6,4.528241,
Falcon,single,keygen,6,0.655064,
Falcon,single,private_key_size,6,0,IssuerA_falcon_privateKey.json=2607
Falcon,single,public_key_size,6,0,IssuerA_falcon_publicKey.json=1838
Falcon,single,create_credential_and_sign_root,6,0.300674,
Falcon,single,credential_size,6,0,IssuerA_claimsA_issued_credential.json=306
Falcon,single,signature_file_size,6,0,IssuerA_claimsA_signature.json=1460
Falcon,single,create_required_claims,6,0.252469,
Falcon,single,create_selective_disclosure,6,6.083656,
Falcon,single,revealed_claims_size,6,0,revealedClaims_IssuerA_claimsA_issued_credential.json=8105
Falcon,single,verify_single,6,4.407778,
BLS,multiple,keygen_A,6,0.198401,
BLS,multiple,keygen_B,6,0.193328,
BLS,multiple,private_key_A_size,6,0,IssuerA_privateKey.json=109
BLS,multiple,public_key_A_size,6,0,IssuerA_publicKey.json=140
BLS,multiple,private_key_B_size,6,0,IssuerB_privateKey.json=109
BLS,multiple,public_key_B_size,6,0,IssuerB_publicKey.json=140
BLS,multiple,create_credential_A_and_sign_root,6,0.304510,
BLS,multiple,create_credential_B_and_sign_root,6,0.301419,
BLS,multiple,credential_A_size,6,0,IssuerA_claimsA_issued_credential.json=306
BLS,multiple,credential_B_size,6,0,IssuerB_claimsB_issued_credential.json=306
BLS,multiple,signature_A_file_size,6,0,IssuerA_claimsA_signature.json=320
BLS,multiple,signature_B_file_size,6,0,IssuerB_claimsB_signature.json=320
BLS,multiple,create_required_claims_A,6,0.249116,
BLS,multiple,create_required_claims_B,6,0.243887,
BLS,multiple,create_selective_disclosure_A,6,6.143487,
BLS,multiple,create_selective_disclosure_B,6,0.695299,
BLS,multiple,revealed_claims_A_size,6,0,revealedClaims_IssuerA_claimsA_issued_credential.json=8104
BLS,multiple,revealed_claims_B_size,6,0,revealedClaims_IssuerB_claimsB_issued_credential.json=5130
BLS,multiple,verify_single_A,6,4.374989,
BLS,multiple,verify_single_B,6,0.614203,
BLS,multiple,create_presentation,6,0.194941,
BLS,multiple,aggregated_presentation_size,6,0,aggregatedClaimsAndSignatures.json=13665
BLS,multiple,verify_multiple,6,0.324379,
Falcon,multiple,keygen_A,6,0.613080,
Falcon,multiple,keygen_B,6,0.676717,
Falcon,multiple,private_key_A_size,6,0,IssuerA_falcon_privateKey.json=2607
Falcon,multiple,public_key_A_size,6,0,IssuerA_falcon_publicKey.json=1838
Falcon,multiple,private_key_B_size,6,0,IssuerB_falcon_privateKey.json=2607
Falcon,multiple,public_key_B_size,6,0,IssuerB_falcon_publicKey.json=1838
Falcon,multiple,create_credential_A_and_sign_root,6,0.312118,
Falcon,multiple,create_credential_B_and_sign_root,6,0.303702,
Falcon,multiple,credential_A_size,6,0,IssuerA_claimsA_issued_credential.json=306
Falcon,multiple,credential_B_size,6,0,IssuerB_claimsB_issued_credential.json=305
Falcon,multiple,signature_A_file_size,6,0,IssuerA_claimsA_signature.json=1460
Falcon,multiple,signature_B_file_size,6,0,IssuerB_claimsB_signature.json=1460
Falcon,multiple,create_required_claims_A,6,0.239374,
Falcon,multiple,create_required_claims_B,6,0.241325,
Falcon,multiple,create_selective_disclosure_A,6,6.149998,
Falcon,multiple,create_selective_disclosure_B,6,0.679522,
Falcon,multiple,revealed_claims_A_size,6,0,revealedClaims_IssuerA_claimsA_issued_credential.json=8106
Falcon,multiple,revealed_claims_B_size,6,0,revealedClaims_IssuerB_claimsB_issued_credential.json=5131
Falcon,multiple,verify_single_A,6,4.402813,
Falcon,multiple,verify_single_B,6,0.610457,
Falcon,multiple,create_presentation,6,0.190065,
Falcon,multiple,aggregated_presentation_size,6,0,aggregatedClaimsAndSignatures.json=16311
Falcon,multiple,verify_multiple,6,0.314932,
BLS,single,keygen,7,0.201098,
BLS,single,private_key_size,7,0,IssuerA_privateKey.json=109
BLS,single,public_key_size,7,0,IssuerA_publicKey.json=140
BLS,single,create_credential_and_sign_root,7,0.299334,
BLS,single,credential_size,7,0,IssuerA_claimsA_issued_credential.json=306
BLS,single,signature_file_size,7,0,IssuerA_claimsA_signature.json=320
BLS,single,create_required_claims,7,0.239220,
BLS,single,create_selective_disclosure,7,6.281572,
BLS,single,revealed_claims_size,7,0,revealedClaims_IssuerA_claimsA_issued_credential.json=8105
BLS,single,verify_single,7,4.353307,
Falcon,single,keygen,7,0.634777,
Falcon,single,private_key_size,7,0,IssuerA_falcon_privateKey.json=2607
Falcon,single,public_key_size,7,0,IssuerA_falcon_publicKey.json=1838
Falcon,single,create_credential_and_sign_root,7,0.308943,
Falcon,single,credential_size,7,0,IssuerA_claimsA_issued_credential.json=305
Falcon,single,signature_file_size,7,0,IssuerA_claimsA_signature.json=1460
Falcon,single,create_required_claims,7,0.246572,
Falcon,single,create_selective_disclosure,7,6.238908,
Falcon,single,revealed_claims_size,7,0,revealedClaims_IssuerA_claimsA_issued_credential.json=8103
Falcon,single,verify_single,7,4.388029,
BLS,multiple,keygen_A,7,0.197562,
BLS,multiple,keygen_B,7,0.197499,
BLS,multiple,private_key_A_size,7,0,IssuerA_privateKey.json=109
BLS,multiple,public_key_A_size,7,0,IssuerA_publicKey.json=140
BLS,multiple,private_key_B_size,7,0,IssuerB_privateKey.json=109
BLS,multiple,public_key_B_size,7,0,IssuerB_publicKey.json=140
BLS,multiple,create_credential_A_and_sign_root,7,0.337028,
BLS,multiple,create_credential_B_and_sign_root,7,0.305413,
BLS,multiple,credential_A_size,7,0,IssuerA_claimsA_issued_credential.json=306
BLS,multiple,credential_B_size,7,0,IssuerB_claimsB_issued_credential.json=306
BLS,multiple,signature_A_file_size,7,0,IssuerA_claimsA_signature.json=320
BLS,multiple,signature_B_file_size,7,0,IssuerB_claimsB_signature.json=320
BLS,multiple,create_required_claims_A,7,0.255690,
BLS,multiple,create_required_claims_B,7,0.261724,
BLS,multiple,create_selective_disclosure_A,7,6.088753,
BLS,multiple,create_selective_disclosure_B,7,0.699021,
BLS,multiple,revealed_claims_A_size,7,0,revealedClaims_IssuerA_claimsA_issued_credential.json=8105
BLS,multiple,revealed_claims_B_size,7,0,revealedClaims_IssuerB_claimsB_issued_credential.json=5132
BLS,multiple,verify_single_A,7,4.381491,
BLS,multiple,verify_single_B,7,0.634162,
BLS,multiple,create_presentation,7,0.192398,
BLS,multiple,aggregated_presentation_size,7,0,aggregatedClaimsAndSignatures.json=13668
BLS,multiple,verify_multiple,7,0.317601,
Falcon,multiple,keygen_A,7,0.711268,
Falcon,multiple,keygen_B,7,0.643162,
Falcon,multiple,private_key_A_size,7,0,IssuerA_falcon_privateKey.json=2607
Falcon,multiple,public_key_A_size,7,0,IssuerA_falcon_publicKey.json=1838
Falcon,multiple,private_key_B_size,7,0,IssuerB_falcon_privateKey.json=2607
Falcon,multiple,public_key_B_size,7,0,IssuerB_falcon_publicKey.json=1838
Falcon,multiple,create_credential_A_and_sign_root,7,0.295159,
Falcon,multiple,create_credential_B_and_sign_root,7,0.302060,
Falcon,multiple,credential_A_size,7,0,IssuerA_claimsA_issued_credential.json=306
Falcon,multiple,credential_B_size,7,0,IssuerB_claimsB_issued_credential.json=306
Falcon,multiple,signature_A_file_size,7,0,IssuerA_claimsA_signature.json=1460
Falcon,multiple,signature_B_file_size,7,0,IssuerB_claimsB_signature.json=1460
Falcon,multiple,create_required_claims_A,7,0.243595,
Falcon,multiple,create_required_claims_B,7,0.237655,
Falcon,multiple,create_selective_disclosure_A,7,6.124975,
Falcon,multiple,create_selective_disclosure_B,7,0.712990,
Falcon,multiple,revealed_claims_A_size,7,0,revealedClaims_IssuerA_claimsA_issued_credential.json=8106
Falcon,multiple,revealed_claims_B_size,7,0,revealedClaims_IssuerB_claimsB_issued_credential.json=5132
Falcon,multiple,verify_single_A,7,4.364448,
Falcon,multiple,verify_single_B,7,0.615256,
Falcon,multiple,create_presentation,7,0.191949,
Falcon,multiple,aggregated_presentation_size,7,0,aggregatedClaimsAndSignatures.json=16312
Falcon,multiple,verify_multiple,7,0.291408,
BLS,single,keygen,8,0.198035,
BLS,single,private_key_size,8,0,IssuerA_privateKey.json=109
BLS,single,public_key_size,8,0,IssuerA_publicKey.json=140
BLS,single,create_credential_and_sign_root,8,0.300229,
BLS,single,credential_size,8,0,IssuerA_claimsA_issued_credential.json=306
BLS,single,signature_file_size,8,0,IssuerA_claimsA_signature.json=320
BLS,single,create_required_claims,8,0.265417,
BLS,single,create_selective_disclosure,8,6.161450,
BLS,single,revealed_claims_size,8,0,revealedClaims_IssuerA_claimsA_issued_credential.json=8106
BLS,single,verify_single,8,4.385753,
Falcon,single,keygen,8,0.655290,
Falcon,single,private_key_size,8,0,IssuerA_falcon_privateKey.json=2607
Falcon,single,public_key_size,8,0,IssuerA_falcon_publicKey.json=1838
Falcon,single,create_credential_and_sign_root,8,0.300501,
Falcon,single,credential_size,8,0,IssuerA_claimsA_issued_credential.json=306
Falcon,single,signature_file_size,8,0,IssuerA_claimsA_signature.json=1460
Falcon,single,create_required_claims,8,0.245724,
Falcon,single,create_selective_disclosure,8,6.269189,
Falcon,single,revealed_claims_size,8,0,revealedClaims_IssuerA_claimsA_issued_credential.json=8106
Falcon,single,verify_single,8,4.403299,
BLS,multiple,keygen_A,8,0.214014,
BLS,multiple,keygen_B,8,0.314733,
BLS,multiple,private_key_A_size,8,0,IssuerA_privateKey.json=109
BLS,multiple,public_key_A_size,8,0,IssuerA_publicKey.json=140
BLS,multiple,private_key_B_size,8,0,IssuerB_privateKey.json=109
BLS,multiple,public_key_B_size,8,0,IssuerB_publicKey.json=140
BLS,multiple,create_credential_A_and_sign_root,8,0.313319,
BLS,multiple,create_credential_B_and_sign_root,8,0.311234,
BLS,multiple,credential_A_size,8,0,IssuerA_claimsA_issued_credential.json=306
BLS,multiple,credential_B_size,8,0,IssuerB_claimsB_issued_credential.json=306
BLS,multiple,signature_A_file_size,8,0,IssuerA_claimsA_signature.json=320
BLS,multiple,signature_B_file_size,8,0,IssuerB_claimsB_signature.json=320
BLS,multiple,create_required_claims_A,8,0.265767,
BLS,multiple,create_required_claims_B,8,0.243791,
BLS,multiple,create_selective_disclosure_A,8,6.072827,
BLS,multiple,create_selective_disclosure_B,8,0.721736,
BLS,multiple,revealed_claims_A_size,8,0,revealedClaims_IssuerA_claimsA_issued_credential.json=8106
BLS,multiple,revealed_claims_B_size,8,0,revealedClaims_IssuerB_claimsB_issued_credential.json=5130
BLS,multiple,verify_single_A,8,4.366249,
BLS,multiple,verify_single_B,8,0.634023,
BLS,multiple,create_presentation,8,0.193338,
BLS,multiple,aggregated_presentation_size,8,0,aggregatedClaimsAndSignatures.json=13667
BLS,multiple,verify_multiple,8,0.326608,
Falcon,multiple,keygen_A,8,0.652167,
Falcon,multiple,keygen_B,8,0.624353,
Falcon,multiple,private_key_A_size,8,0,IssuerA_falcon_privateKey.json=2607
Falcon,multiple,public_key_A_size,8,0,IssuerA_falcon_publicKey.json=1838
Falcon,multiple,private_key_B_size,8,0,IssuerB_falcon_privateKey.json=2607
Falcon,multiple,public_key_B_size,8,0,IssuerB_falcon_publicKey.json=1838
Falcon,multiple,create_credential_A_and_sign_root,8,0.301602,
Falcon,multiple,create_credential_B_and_sign_root,8,0.306639,
Falcon,multiple,credential_A_size,8,0,IssuerA_claimsA_issued_credential.json=306
Falcon,multiple,credential_B_size,8,0,IssuerB_claimsB_issued_credential.json=306
Falcon,multiple,signature_A_file_size,8,0,IssuerA_claimsA_signature.json=1460
Falcon,multiple,signature_B_file_size,8,0,IssuerB_claimsB_signature.json=1460
Falcon,multiple,create_required_claims_A,8,0.240453,
Falcon,multiple,create_required_claims_B,8,0.262132,
Falcon,multiple,create_selective_disclosure_A,8,6.114546,
Falcon,multiple,create_selective_disclosure_B,8,0.676654,
Falcon,multiple,revealed_claims_A_size,8,0,revealedClaims_IssuerA_claimsA_issued_credential.json=8105
Falcon,multiple,revealed_claims_B_size,8,0,revealedClaims_IssuerB_claimsB_issued_credential.json=5131
Falcon,multiple,verify_single_A,8,4.404423,
Falcon,multiple,verify_single_B,8,0.622873,
Falcon,multiple,create_presentation,8,0.188801,
Falcon,multiple,aggregated_presentation_size,8,0,aggregatedClaimsAndSignatures.json=16310
Falcon,multiple,verify_multiple,8,0.302008,
BLS,single,keygen,9,0.203826,
BLS,single,private_key_size,9,0,IssuerA_privateKey.json=109
BLS,single,public_key_size,9,0,IssuerA_publicKey.json=140
BLS,single,create_credential_and_sign_root,9,0.310493,
BLS,single,credential_size,9,0,IssuerA_claimsA_issued_credential.json=306
BLS,single,signature_file_size,9,0,IssuerA_claimsA_signature.json=320
BLS,single,create_required_claims,9,0.240723,
BLS,single,create_selective_disclosure,9,6.087765,
BLS,single,revealed_claims_size,9,0,revealedClaims_IssuerA_claimsA_issued_credential.json=8106
BLS,single,verify_single,9,4.355183,
Falcon,single,keygen,9,0.622992,
Falcon,single,private_key_size,9,0,IssuerA_falcon_privateKey.json=2607
Falcon,single,public_key_size,9,0,IssuerA_falcon_publicKey.json=1838
Falcon,single,create_credential_and_sign_root,9,0.300721,
Falcon,single,credential_size,9,0,IssuerA_claimsA_issued_credential.json=307
Falcon,single,signature_file_size,9,0,IssuerA_claimsA_signature.json=1460
Falcon,single,create_required_claims,9,0.241512,
Falcon,single,create_selective_disclosure,9,6.055434,
Falcon,single,revealed_claims_size,9,0,revealedClaims_IssuerA_claimsA_issued_credential.json=8107
Falcon,single,verify_single,9,4.344732,
BLS,multiple,keygen_A,9,0.192643,
BLS,multiple,keygen_B,9,0.190849,
BLS,multiple,private_key_A_size,9,0,IssuerA_privateKey.json=109
BLS,multiple,public_key_A_size,9,0,IssuerA_publicKey.json=140
BLS,multiple,private_key_B_size,9,0,IssuerB_privateKey.json=109
BLS,multiple,public_key_B_size,9,0,IssuerB_publicKey.json=140
BLS,multiple,create_credential_A_and_sign_root,9,0.305611,
BLS,multiple,create_credential_B_and_sign_root,9,0.304030,
BLS,multiple,credential_A_size,9,0,IssuerA_claimsA_issued_credential.json=306
BLS,multiple,credential_B_size,9,0,IssuerB_claimsB_issued_credential.json=306
BLS,multiple,signature_A_file_size,9,0,IssuerA_claimsA_signature.json=320
BLS,multiple,signature_B_file_size,9,0,IssuerB_claimsB_signature.json=320
BLS,multiple,create_required_claims_A,9,0.239250,
BLS,multiple,create_required_claims_B,9,0.236650,
BLS,multiple,create_selective_disclosure_A,9,6.429322,
BLS,multiple,create_selective_disclosure_B,9,0.736372,
BLS,multiple,revealed_claims_A_size,9,0,revealedClaims_IssuerA_claimsA_issued_credential.json=8105
BLS,multiple,revealed_claims_B_size,9,0,revealedClaims_IssuerB_claimsB_issued_credential.json=5131
BLS,multiple,verify_single_A,9,4.381224,
BLS,multiple,verify_single_B,9,0.632895,
BLS,multiple,create_presentation,9,0.192019,
BLS,multiple,aggregated_presentation_size,9,0,aggregatedClaimsAndSignatures.json=13667
BLS,multiple,verify_multiple,9,0.321474,
Falcon,multiple,keygen_A,9,0.630115,
Falcon,multiple,keygen_B,9,0.640829,
Falcon,multiple,private_key_A_size,9,0,IssuerA_falcon_privateKey.json=2607
Falcon,multiple,public_key_A_size,9,0,IssuerA_falcon_publicKey.json=1838
Falcon,multiple,private_key_B_size,9,0,IssuerB_falcon_privateKey.json=2607
Falcon,multiple,public_key_B_size,9,0,IssuerB_falcon_publicKey.json=1838
Falcon,multiple,create_credential_A_and_sign_root,9,0.311372,
Falcon,multiple,create_credential_B_and_sign_root,9,0.305689,
Falcon,multiple,credential_A_size,9,0,IssuerA_claimsA_issued_credential.json=305
Falcon,multiple,credential_B_size,9,0,IssuerB_claimsB_issued_credential.json=306
Falcon,multiple,signature_A_file_size,9,0,IssuerA_claimsA_signature.json=1460
Falcon,multiple,signature_B_file_size,9,0,IssuerB_claimsB_signature.json=1460
Falcon,multiple,create_required_claims_A,9,0.238391,
Falcon,multiple,create_required_claims_B,9,0.242893,
Falcon,multiple,create_selective_disclosure_A,9,6.079489,
Falcon,multiple,create_selective_disclosure_B,9,0.693439,
Falcon,multiple,revealed_claims_A_size,9,0,revealedClaims_IssuerA_claimsA_issued_credential.json=8104
Falcon,multiple,revealed_claims_B_size,9,0,revealedClaims_IssuerB_claimsB_issued_credential.json=5132
Falcon,multiple,verify_single_A,9,4.385674,
Falcon,multiple,verify_single_B,9,0.630603,
Falcon,multiple,create_presentation,9,0.192031,
Falcon,multiple,aggregated_presentation_size,9,0,aggregatedClaimsAndSignatures.json=16310
Falcon,multiple,verify_multiple,9,0.313739,
BLS,single,keygen,10,0.195221,
BLS,single,private_key_size,10,0,IssuerA_privateKey.json=109
BLS,single,public_key_size,10,0,IssuerA_publicKey.json=140
BLS,single,create_credential_and_sign_root,10,0.305508,
BLS,single,credential_size,10,0,IssuerA_claimsA_issued_credential.json=306
BLS,single,signature_file_size,10,0,IssuerA_claimsA_signature.json=320
BLS,single,create_required_claims,10,0.243430,
BLS,single,create_selective_disclosure,10,6.074189,
BLS,single,revealed_claims_size,10,0,revealedClaims_IssuerA_claimsA_issued_credential.json=8106
BLS,single,verify_single,10,4.430273,
Falcon,single,keygen,10,0.425942,
Falcon,single,private_key_size,10,0,IssuerA_falcon_privateKey.json=2607
Falcon,single,public_key_size,10,0,IssuerA_falcon_publicKey.json=1838
Falcon,single,create_credential_and_sign_root,10,0.299702,
Falcon,single,credential_size,10,0,IssuerA_claimsA_issued_credential.json=306
Falcon,single,signature_file_size,10,0,IssuerA_claimsA_signature.json=1460
Falcon,single,create_required_claims,10,0.242649,
Falcon,single,create_selective_disclosure,10,7.717130,
Falcon,single,revealed_claims_size,10,0,revealedClaims_IssuerA_claimsA_issued_credential.json=8106
Falcon,single,verify_single,10,4.338201,
BLS,multiple,keygen_A,10,0.202692,
BLS,multiple,keygen_B,10,0.193729,
BLS,multiple,private_key_A_size,10,0,IssuerA_privateKey.json=109
BLS,multiple,public_key_A_size,10,0,IssuerA_publicKey.json=140
BLS,multiple,private_key_B_size,10,0,IssuerB_privateKey.json=109
BLS,multiple,public_key_B_size,10,0,IssuerB_publicKey.json=140
BLS,multiple,create_credential_A_and_sign_root,10,0.314894,
BLS,multiple,create_credential_B_and_sign_root,10,0.300119,
BLS,multiple,credential_A_size,10,0,IssuerA_claimsA_issued_credential.json=305
BLS,multiple,credential_B_size,10,0,IssuerB_claimsB_issued_credential.json=306
BLS,multiple,signature_A_file_size,10,0,IssuerA_claimsA_signature.json=320
BLS,multiple,signature_B_file_size,10,0,IssuerB_claimsB_signature.json=320
BLS,multiple,create_required_claims_A,10,0.242703,
BLS,multiple,create_required_claims_B,10,0.255523,
BLS,multiple,create_selective_disclosure_A,10,6.012939,
BLS,multiple,create_selective_disclosure_B,10,0.681645,
BLS,multiple,revealed_claims_A_size,10,0,revealedClaims_IssuerA_claimsA_issued_credential.json=8101
BLS,multiple,revealed_claims_B_size,10,0,revealedClaims_IssuerB_claimsB_issued_credential.json=5132
BLS,multiple,verify_single_A,10,4.392306,
BLS,multiple,verify_single_B,10,0.752638,
BLS,multiple,create_presentation,10,0.192737,
BLS,multiple,aggregated_presentation_size,10,0,aggregatedClaimsAndSignatures.json=13664
BLS,multiple,verify_multiple,10,0.359364,
Falcon,multiple,keygen_A,10,0.680811,
Falcon,multiple,keygen_B,10,0.617199,
Falcon,multiple,private_key_A_size,10,0,IssuerA_falcon_privateKey.json=2607
Falcon,multiple,public_key_A_size,10,0,IssuerA_falcon_publicKey.json=1838
Falcon,multiple,private_key_B_size,10,0,IssuerB_falcon_privateKey.json=2607
Falcon,multiple,public_key_B_size,10,0,IssuerB_falcon_publicKey.json=1838
Falcon,multiple,create_credential_A_and_sign_root,10,0.307958,
Falcon,multiple,create_credential_B_and_sign_root,10,0.304928,
Falcon,multiple,credential_A_size,10,0,IssuerA_claimsA_issued_credential.json=307
Falcon,multiple,credential_B_size,10,0,IssuerB_claimsB_issued_credential.json=306
Falcon,multiple,signature_A_file_size,10,0,IssuerA_claimsA_signature.json=1460
Falcon,multiple,signature_B_file_size,10,0,IssuerB_claimsB_signature.json=1460
Falcon,multiple,create_required_claims_A,10,0.241325,
Falcon,multiple,create_required_claims_B,10,0.243915,
Falcon,multiple,create_selective_disclosure_A,10,6.068501,
Falcon,multiple,create_selective_disclosure_B,10,0.708707,
Falcon,multiple,revealed_claims_A_size,10,0,revealedClaims_IssuerA_claimsA_issued_credential.json=8108
Falcon,multiple,revealed_claims_B_size,10,0,revealedClaims_IssuerB_claimsB_issued_credential.json=5130
Falcon,multiple,verify_single_A,10,4.547316,
Falcon,multiple,verify_single_B,10,0.613385,
Falcon,multiple,create_presentation,10,0.200448,
Falcon,multiple,aggregated_presentation_size,10,0,aggregatedClaimsAndSignatures.json=16312
Falcon,multiple,verify_multiple,10,0.307578,
BLS,single,keygen,11,0.200907,
BLS,single,private_key_size,11,0,IssuerA_privateKey.json=109
BLS,single,public_key_size,11,0,IssuerA_publicKey.json=140
BLS,single,create_credential_and_sign_root,11,0.305965,
BLS,single,credential_size,11,0,IssuerA_claimsA_issued_credential.json=305
BLS,single,signature_file_size,11,0,IssuerA_claimsA_signature.json=320
BLS,single,create_required_claims,11,0.250794,
BLS,single,create_selective_disclosure,11,6.158066,
BLS,single,revealed_claims_size,11,0,revealedClaims_IssuerA_claimsA_issued_credential.json=8103
BLS,single,verify_single,11,4.357190,
Falcon,single,keygen,11,0.650749,
Falcon,single,private_key_size,11,0,IssuerA_falcon_privateKey.json=2607
Falcon,single,public_key_size,11,0,IssuerA_falcon_publicKey.json=1838
Falcon,single,create_credential_and_sign_root,11,0.303445,
Falcon,single,credential_size,11,0,IssuerA_claimsA_issued_credential.json=306
Falcon,single,signature_file_size,11,0,IssuerA_claimsA_signature.json=1460
Falcon,single,create_required_claims,11,0.244736,
Falcon,single,create_selective_disclosure,11,6.129107,
Falcon,single,revealed_claims_size,11,0,revealedClaims_IssuerA_claimsA_issued_credential.json=8105
Falcon,single,verify_single,11,4.381040,
BLS,multiple,keygen_A,11,0.193255,
BLS,multiple,keygen_B,11,0.192086,
BLS,multiple,private_key_A_size,11,0,IssuerA_privateKey.json=109
BLS,multiple,public_key_A_size,11,0,IssuerA_publicKey.json=140
BLS,multiple,private_key_B_size,11,0,IssuerB_privateKey.json=109
BLS,multiple,public_key_B_size,11,0,IssuerB_publicKey.json=140
BLS,multiple,create_credential_A_and_sign_root,11,0.306423,
BLS,multiple,create_credential_B_and_sign_root,11,0.303788,
BLS,multiple,credential_A_size,11,0,IssuerA_claimsA_issued_credential.json=306
BLS,multiple,credential_B_size,11,0,IssuerB_claimsB_issued_credential.json=306
BLS,multiple,signature_A_file_size,11,0,IssuerA_claimsA_signature.json=320
BLS,multiple,signature_B_file_size,11,0,IssuerB_claimsB_signature.json=320
BLS,multiple,create_required_claims_A,11,0.244895,
BLS,multiple,create_required_claims_B,11,0.264982,
BLS,multiple,create_selective_disclosure_A,11,6.163855,
BLS,multiple,create_selective_disclosure_B,11,0.691759,
BLS,multiple,revealed_claims_A_size,11,0,revealedClaims_IssuerA_claimsA_issued_credential.json=8104
BLS,multiple,revealed_claims_B_size,11,0,revealedClaims_IssuerB_claimsB_issued_credential.json=5132
BLS,multiple,verify_single_A,11,4.385113,
BLS,multiple,verify_single_B,11,0.608960,
BLS,multiple,create_presentation,11,0.194603,
BLS,multiple,aggregated_presentation_size,11,0,aggregatedClaimsAndSignatures.json=13667
BLS,multiple,verify_multiple,11,0.320777,
Falcon,multiple,keygen_A,11,0.605530,
Falcon,multiple,keygen_B,11,0.665495,
Falcon,multiple,private_key_A_size,11,0,IssuerA_falcon_privateKey.json=2607
Falcon,multiple,public_key_A_size,11,0,IssuerA_falcon_publicKey.json=1838
Falcon,multiple,private_key_B_size,11,0,IssuerB_falcon_privateKey.json=2607
Falcon,multiple,public_key_B_size,11,0,IssuerB_falcon_publicKey.json=1838
Falcon,multiple,create_credential_A_and_sign_root,11,0.306373,
Falcon,multiple,create_credential_B_and_sign_root,11,0.312385,
Falcon,multiple,credential_A_size,11,0,IssuerA_claimsA_issued_credential.json=306
Falcon,multiple,credential_B_size,11,0,IssuerB_claimsB_issued_credential.json=306
Falcon,multiple,signature_A_file_size,11,0,IssuerA_claimsA_signature.json=1460
Falcon,multiple,signature_B_file_size,11,0,IssuerB_claimsB_signature.json=1460
Falcon,multiple,create_required_claims_A,11,0.241443,
Falcon,multiple,create_required_claims_B,11,0.243751,
Falcon,multiple,create_selective_disclosure_A,11,6.215115,
Falcon,multiple,create_selective_disclosure_B,11,0.702193,
Falcon,multiple,revealed_claims_A_size,11,0,revealedClaims_IssuerA_claimsA_issued_credential.json=8106
Falcon,multiple,revealed_claims_B_size,11,0,revealedClaims_IssuerB_claimsB_issued_credential.json=5130
Falcon,multiple,verify_single_A,11,4.436537,
Falcon,multiple,verify_single_B,11,0.648134,
Falcon,multiple,create_presentation,11,0.191247,
Falcon,multiple,aggregated_presentation_size,11,0,aggregatedClaimsAndSignatures.json=16310
Falcon,multiple,verify_multiple,11,0.302969,
BLS,single,keygen,12,0.199376,
BLS,single,private_key_size,12,0,IssuerA_privateKey.json=109
BLS,single,public_key_size,12,0,IssuerA_publicKey.json=140
BLS,single,create_credential_and_sign_root,12,0.301793,
BLS,single,credential_size,12,0,IssuerA_claimsA_issued_credential.json=307
BLS,single,signature_file_size,12,0,IssuerA_claimsA_signature.json=320
BLS,single,create_required_claims,12,0.262257,
BLS,single,create_selective_disclosure,12,6.158952,
BLS,single,revealed_claims_size,12,0,revealedClaims_IssuerA_claimsA_issued_credential.json=8106
BLS,single,verify_single,12,4.439084,
Falcon,single,keygen,12,0.609310,
Falcon,single,private_key_size,12,0,IssuerA_falcon_privateKey.json=2607
Falcon,single,public_key_size,12,0,IssuerA_falcon_publicKey.json=1838
Falcon,single,create_credential_and_sign_root,12,0.304058,
Falcon,single,credential_size,12,0,IssuerA_claimsA_issued_credential.json=306
Falcon,single,signature_file_size,12,0,IssuerA_claimsA_signature.json=1460
Falcon,single,create_required_claims,12,0.245556,
Falcon,single,create_selective_disclosure,12,6.123315,
Falcon,single,revealed_claims_size,12,0,revealedClaims_IssuerA_claimsA_issued_credential.json=8106
Falcon,single,verify_single,12,4.403182,
BLS,multiple,keygen_A,12,0.197136,
BLS,multiple,keygen_B,12,0.199138,
BLS,multiple,private_key_A_size,12,0,IssuerA_privateKey.json=109
BLS,multiple,public_key_A_size,12,0,IssuerA_publicKey.json=140
BLS,multiple,private_key_B_size,12,0,IssuerB_privateKey.json=109
BLS,multiple,public_key_B_size,12,0,IssuerB_publicKey.json=140
BLS,multiple,create_credential_A_and_sign_root,12,0.317309,
BLS,multiple,create_credential_B_and_sign_root,12,0.307432,
BLS,multiple,credential_A_size,12,0,IssuerA_claimsA_issued_credential.json=306
BLS,multiple,credential_B_size,12,0,IssuerB_claimsB_issued_credential.json=307
BLS,multiple,signature_A_file_size,12,0,IssuerA_claimsA_signature.json=320
BLS,multiple,signature_B_file_size,12,0,IssuerB_claimsB_signature.json=320
BLS,multiple,create_required_claims_A,12,0.239907,
BLS,multiple,create_required_claims_B,12,0.241699,
BLS,multiple,create_selective_disclosure_A,12,6.458987,
BLS,multiple,create_selective_disclosure_B,12,0.738956,
BLS,multiple,revealed_claims_A_size,12,0,revealedClaims_IssuerA_claimsA_issued_credential.json=8105
BLS,multiple,revealed_claims_B_size,12,0,revealedClaims_IssuerB_claimsB_issued_credential.json=5131
BLS,multiple,verify_single_A,12,4.411415,
BLS,multiple,verify_single_B,12,0.617567,
BLS,multiple,create_presentation,12,0.193277,
BLS,multiple,aggregated_presentation_size,12,0,aggregatedClaimsAndSignatures.json=13667
BLS,multiple,verify_multiple,12,0.324437,
Falcon,multiple,keygen_A,12,0.594119,
Falcon,multiple,keygen_B,12,0.659385,
Falcon,multiple,private_key_A_size,12,0,IssuerA_falcon_privateKey.json=2607
Falcon,multiple,public_key_A_size,12,0,IssuerA_falcon_publicKey.json=1838
Falcon,multiple,private_key_B_size,12,0,IssuerB_falcon_privateKey.json=2607
Falcon,multiple,public_key_B_size,12,0,IssuerB_falcon_publicKey.json=1838
Falcon,multiple,create_credential_A_and_sign_root,12,0.307646,
Falcon,multiple,create_credential_B_and_sign_root,12,0.306285,
Falcon,multiple,credential_A_size,12,0,IssuerA_claimsA_issued_credential.json=306
Falcon,multiple,credential_B_size,12,0,IssuerB_claimsB_issued_credential.json=306
Falcon,multiple,signature_A_file_size,12,0,IssuerA_claimsA_signature.json=1460
Falcon,multiple,signature_B_file_size,12,0,IssuerB_claimsB_signature.json=1460
Falcon,multiple,create_required_claims_A,12,0.241201,
Falcon,multiple,create_required_claims_B,12,0.242142,
Falcon,multiple,create_selective_disclosure_A,12,6.151798,
Falcon,multiple,create_selective_disclosure_B,12,0.709539,
Falcon,multiple,revealed_claims_A_size,12,0,revealedClaims_IssuerA_claimsA_issued_credential.json=8106
Falcon,multiple,revealed_claims_B_size,12,0,revealedClaims_IssuerB_claimsB_issued_credential.json=5132
Falcon,multiple,verify_single_A,12,4.464386,
Falcon,multiple,verify_single_B,12,0.635589,
Falcon,multiple,create_presentation,12,0.196011,
Falcon,multiple,aggregated_presentation_size,12,0,aggregatedClaimsAndSignatures.json=16312
Falcon,multiple,verify_multiple,12,0.309020,
BLS,single,keygen,13,0.208659,
BLS,single,private_key_size,13,0,IssuerA_privateKey.json=109
BLS,single,public_key_size,13,0,IssuerA_publicKey.json=140
BLS,single,create_credential_and_sign_root,13,0.303224,
BLS,single,credential_size,13,0,IssuerA_claimsA_issued_credential.json=306
BLS,single,signature_file_size,13,0,IssuerA_claimsA_signature.json=320
BLS,single,create_required_claims,13,0.247297,
BLS,single,create_selective_disclosure,13,6.163358,
BLS,single,revealed_claims_size,13,0,revealedClaims_IssuerA_claimsA_issued_credential.json=8105
BLS,single,verify_single,13,4.401517,
Falcon,single,keygen,13,0.596175,
Falcon,single,private_key_size,13,0,IssuerA_falcon_privateKey.json=2607
Falcon,single,public_key_size,13,0,IssuerA_falcon_publicKey.json=1838
Falcon,single,create_credential_and_sign_root,13,0.305327,
Falcon,single,credential_size,13,0,IssuerA_claimsA_issued_credential.json=305
Falcon,single,signature_file_size,13,0,IssuerA_claimsA_signature.json=1460
Falcon,single,create_required_claims,13,0.261202,
Falcon,single,create_selective_disclosure,13,6.162038,
Falcon,single,revealed_claims_size,13,0,revealedClaims_IssuerA_claimsA_issued_credential.json=8104
Falcon,single,verify_single,13,4.491005,
BLS,multiple,keygen_A,13,0.212260,
BLS,multiple,keygen_B,13,0.200152,
BLS,multiple,private_key_A_size,13,0,IssuerA_privateKey.json=109
BLS,multiple,public_key_A_size,13,0,IssuerA_publicKey.json=140
BLS,multiple,private_key_B_size,13,0,IssuerB_privateKey.json=109
BLS,multiple,public_key_B_size,13,0,IssuerB_publicKey.json=140
BLS,multiple,create_credential_A_and_sign_root,13,0.314469,
BLS,multiple,create_credential_B_and_sign_root,13,0.308837,
BLS,multiple,credential_A_size,13,0,IssuerA_claimsA_issued_credential.json=306
BLS,multiple,credential_B_size,13,0,IssuerB_claimsB_issued_credential.json=306
BLS,multiple,signature_A_file_size,13,0,IssuerA_claimsA_signature.json=320
BLS,multiple,signature_B_file_size,13,0,IssuerB_claimsB_signature.json=320
BLS,multiple,create_required_claims_A,13,0.245309,
BLS,multiple,create_required_claims_B,13,0.241814,
BLS,multiple,create_selective_disclosure_A,13,6.206010,
BLS,multiple,create_selective_disclosure_B,13,0.697904,
BLS,multiple,revealed_claims_A_size,13,0,revealedClaims_IssuerA_claimsA_issued_credential.json=8105
BLS,multiple,revealed_claims_B_size,13,0,revealedClaims_IssuerB_claimsB_issued_credential.json=5132
BLS,multiple,verify_single_A,13,4.366172,
BLS,multiple,verify_single_B,13,0.643400,
BLS,multiple,create_presentation,13,0.194056,
BLS,multiple,aggregated_presentation_size,13,0,aggregatedClaimsAndSignatures.json=13668
BLS,multiple,verify_multiple,13,0.323791,
Falcon,multiple,keygen_A,13,0.655118,
Falcon,multiple,keygen_B,13,0.612224,
Falcon,multiple,private_key_A_size,13,0,IssuerA_falcon_privateKey.json=2607
Falcon,multiple,public_key_A_size,13,0,IssuerA_falcon_publicKey.json=1838
Falcon,multiple,private_key_B_size,13,0,IssuerB_falcon_privateKey.json=2607
Falcon,multiple,public_key_B_size,13,0,IssuerB_falcon_publicKey.json=1838
Falcon,multiple,create_credential_A_and_sign_root,13,0.308028,
Falcon,multiple,create_credential_B_and_sign_root,13,0.309635,
Falcon,multiple,credential_A_size,13,0,IssuerA_claimsA_issued_credential.json=306
Falcon,multiple,credential_B_size,13,0,IssuerB_claimsB_issued_credential.json=305
Falcon,multiple,signature_A_file_size,13,0,IssuerA_claimsA_signature.json=1460
Falcon,multiple,signature_B_file_size,13,0,IssuerB_claimsB_signature.json=1460
Falcon,multiple,create_required_claims_A,13,0.251651,
Falcon,multiple,create_required_claims_B,13,0.243874,
Falcon,multiple,create_selective_disclosure_A,13,6.098004,
Falcon,multiple,create_selective_disclosure_B,13,0.748288,
Falcon,multiple,revealed_claims_A_size,13,0,revealedClaims_IssuerA_claimsA_issued_credential.json=8104
Falcon,multiple,revealed_claims_B_size,13,0,revealedClaims_IssuerB_claimsB_issued_credential.json=5130
Falcon,multiple,verify_single_A,13,4.377655,
Falcon,multiple,verify_single_B,13,0.605918,
Falcon,multiple,create_presentation,13,0.189618,
Falcon,multiple,aggregated_presentation_size,13,0,aggregatedClaimsAndSignatures.json=16308
Falcon,multiple,verify_multiple,13,0.300259,
BLS,single,keygen,14,0.201607,
BLS,single,private_key_size,14,0,IssuerA_privateKey.json=109
BLS,single,public_key_size,14,0,IssuerA_publicKey.json=140
BLS,single,create_credential_and_sign_root,14,0.309813,
BLS,single,credential_size,14,0,IssuerA_claimsA_issued_credential.json=307
BLS,single,signature_file_size,14,0,IssuerA_claimsA_signature.json=320
BLS,single,create_required_claims,14,0.254431,
BLS,single,create_selective_disclosure,14,6.167108,
BLS,single,revealed_claims_size,14,0,revealedClaims_IssuerA_claimsA_issued_credential.json=8108
BLS,single,verify_single,14,4.599327,
Falcon,single,keygen,14,0.598777,
Falcon,single,private_key_size,14,0,IssuerA_falcon_privateKey.json=2607
Falcon,single,public_key_size,14,0,IssuerA_falcon_publicKey.json=1838
Falcon,single,create_credential_and_sign_root,14,0.309668,
Falcon,single,credential_size,14,0,IssuerA_claimsA_issued_credential.json=306
Falcon,single,signature_file_size,14,0,IssuerA_claimsA_signature.json=1460
Falcon,single,create_required_claims,14,0.259452,
Falcon,single,create_selective_disclosure,14,6.091700,
Falcon,single,revealed_claims_size,14,0,revealedClaims_IssuerA_claimsA_issued_credential.json=8105
Falcon,single,verify_single,14,4.398283,
BLS,multiple,keygen_A,14,0.196146,
BLS,multiple,keygen_B,14,0.196944,
BLS,multiple,private_key_A_size,14,0,IssuerA_privateKey.json=109
BLS,multiple,public_key_A_size,14,0,IssuerA_publicKey.json=140
BLS,multiple,private_key_B_size,14,0,IssuerB_privateKey.json=109
BLS,multiple,public_key_B_size,14,0,IssuerB_publicKey.json=140
BLS,multiple,create_credential_A_and_sign_root,14,0.312065,
BLS,multiple,create_credential_B_and_sign_root,14,0.306742,
BLS,multiple,credential_A_size,14,0,IssuerA_claimsA_issued_credential.json=306
BLS,multiple,credential_B_size,14,0,IssuerB_claimsB_issued_credential.json=306
BLS,multiple,signature_A_file_size,14,0,IssuerA_claimsA_signature.json=320
BLS,multiple,signature_B_file_size,14,0,IssuerB_claimsB_signature.json=320
BLS,multiple,create_required_claims_A,14,0.245151,
BLS,multiple,create_required_claims_B,14,0.242937,
BLS,multiple,create_selective_disclosure_A,14,6.039572,
BLS,multiple,create_selective_disclosure_B,14,0.689991,
BLS,multiple,revealed_claims_A_size,14,0,revealedClaims_IssuerA_claimsA_issued_credential.json=8106
BLS,multiple,revealed_claims_B_size,14,0,revealedClaims_IssuerB_claimsB_issued_credential.json=5132
BLS,multiple,verify_single_A,14,4.361448,
BLS,multiple,verify_single_B,14,0.626552,
BLS,multiple,create_presentation,14,0.194667,
BLS,multiple,aggregated_presentation_size,14,0,aggregatedClaimsAndSignatures.json=13669
BLS,multiple,verify_multiple,14,0.326586,
Falcon,multiple,keygen_A,14,0.642213,
Falcon,multiple,keygen_B,14,0.707839,
Falcon,multiple,private_key_A_size,14,0,IssuerA_falcon_privateKey.json=2607
Falcon,multiple,public_key_A_size,14,0,IssuerA_falcon_publicKey.json=1838
Falcon,multiple,private_key_B_size,14,0,IssuerB_falcon_privateKey.json=2607
Falcon,multiple,public_key_B_size,14,0,IssuerB_falcon_publicKey.json=1838
Falcon,multiple,create_credential_A_and_sign_root,14,0.304705,
Falcon,multiple,create_credential_B_and_sign_root,14,0.305334,
Falcon,multiple,credential_A_size,14,0,IssuerA_claimsA_issued_credential.json=307
Falcon,multiple,credential_B_size,14,0,IssuerB_claimsB_issued_credential.json=305
Falcon,multiple,signature_A_file_size,14,0,IssuerA_claimsA_signature.json=1460
Falcon,multiple,signature_B_file_size,14,0,IssuerB_claimsB_signature.json=1460
Falcon,multiple,create_required_claims_A,14,0.240334,
Falcon,multiple,create_required_claims_B,14,0.242941,
Falcon,multiple,create_selective_disclosure_A,14,6.180101,
Falcon,multiple,create_selective_disclosure_B,14,0.681180,
Falcon,multiple,revealed_claims_A_size,14,0,revealedClaims_IssuerA_claimsA_issued_credential.json=8107
Falcon,multiple,revealed_claims_B_size,14,0,revealedClaims_IssuerB_claimsB_issued_credential.json=5128
Falcon,multiple,verify_single_A,14,4.370147,
Falcon,multiple,verify_single_B,14,0.616317,
Falcon,multiple,create_presentation,14,0.193138,
Falcon,multiple,aggregated_presentation_size,14,0,aggregatedClaimsAndSignatures.json=16309
Falcon,multiple,verify_multiple,14,0.311948,
BLS,single,keygen,15,0.196014,
BLS,single,private_key_size,15,0,IssuerA_privateKey.json=109
BLS,single,public_key_size,15,0,IssuerA_publicKey.json=140
BLS,single,create_credential_and_sign_root,15,0.308738,
BLS,single,credential_size,15,0,IssuerA_claimsA_issued_credential.json=307
BLS,single,signature_file_size,15,0,IssuerA_claimsA_signature.json=320
BLS,single,create_required_claims,15,0.242156,
BLS,single,create_selective_disclosure,15,6.151646,
BLS,single,revealed_claims_size,15,0,revealedClaims_IssuerA_claimsA_issued_credential.json=8107
BLS,single,verify_single,15,4.529561,
Falcon,single,keygen,15,0.625661,
Falcon,single,private_key_size,15,0,IssuerA_falcon_privateKey.json=2607
Falcon,single,public_key_size,15,0,IssuerA_falcon_publicKey.json=1838
Falcon,single,create_credential_and_sign_root,15,0.315737,
Falcon,single,credential_size,15,0,IssuerA_claimsA_issued_credential.json=306
Falcon,single,signature_file_size,15,0,IssuerA_claimsA_signature.json=1460
Falcon,single,create_required_claims,15,0.294589,
Falcon,single,create_selective_disclosure,15,6.080505,
Falcon,single,revealed_claims_size,15,0,revealedClaims_IssuerA_claimsA_issued_credential.json=8105
Falcon,single,verify_single,15,4.334383,
BLS,multiple,keygen_A,15,0.192599,
BLS,multiple,keygen_B,15,0.194691,
BLS,multiple,private_key_A_size,15,0,IssuerA_privateKey.json=109
BLS,multiple,public_key_A_size,15,0,IssuerA_publicKey.json=140
BLS,multiple,private_key_B_size,15,0,IssuerB_privateKey.json=109
BLS,multiple,public_key_B_size,15,0,IssuerB_publicKey.json=140
BLS,multiple,create_credential_A_and_sign_root,15,0.310598,
BLS,multiple,create_credential_B_and_sign_root,15,0.306635,
BLS,multiple,credential_A_size,15,0,IssuerA_claimsA_issued_credential.json=306
BLS,multiple,credential_B_size,15,0,IssuerB_claimsB_issued_credential.json=306
BLS,multiple,signature_A_file_size,15,0,IssuerA_claimsA_signature.json=320
BLS,multiple,signature_B_file_size,15,0,IssuerB_claimsB_signature.json=320
BLS,multiple,create_required_claims_A,15,0.238678,
BLS,multiple,create_required_claims_B,15,0.236533,
BLS,multiple,create_selective_disclosure_A,15,6.134214,
BLS,multiple,create_selective_disclosure_B,15,0.684032,
BLS,multiple,revealed_claims_A_size,15,0,revealedClaims_IssuerA_claimsA_issued_credential.json=8105
BLS,multiple,revealed_claims_B_size,15,0,revealedClaims_IssuerB_claimsB_issued_credential.json=5131
BLS,multiple,verify_single_A,15,4.347311,
BLS,multiple,verify_single_B,15,0.627927,
BLS,multiple,create_presentation,15,0.194805,
BLS,multiple,aggregated_presentation_size,15,0,aggregatedClaimsAndSignatures.json=13667
BLS,multiple,verify_multiple,15,0.321804,
Falcon,multiple,keygen_A,15,0.594325,
Falcon,multiple,keygen_B,15,0.791489,
Falcon,multiple,private_key_A_size,15,0,IssuerA_falcon_privateKey.json=2607
Falcon,multiple,public_key_A_size,15,0,IssuerA_falcon_publicKey.json=1838
Falcon,multiple,private_key_B_size,15,0,IssuerB_falcon_privateKey.json=2607
Falcon,multiple,public_key_B_size,15,0,IssuerB_falcon_publicKey.json=1838
Falcon,multiple,create_credential_A_and_sign_root,15,0.303517,
Falcon,multiple,create_credential_B_and_sign_root,15,0.306451,
Falcon,multiple,credential_A_size,15,0,IssuerA_claimsA_issued_credential.json=306
Falcon,multiple,credential_B_size,15,0,IssuerB_claimsB_issued_credential.json=305
Falcon,multiple,signature_A_file_size,15,0,IssuerA_claimsA_signature.json=1460
Falcon,multiple,signature_B_file_size,15,0,IssuerB_claimsB_signature.json=1460
Falcon,multiple,create_required_claims_A,15,0.257523,
Falcon,multiple,create_required_claims_B,15,0.247219,
Falcon,multiple,create_selective_disclosure_A,15,6.247683,
Falcon,multiple,create_selective_disclosure_B,15,0.725128,
Falcon,multiple,revealed_claims_A_size,15,0,revealedClaims_IssuerA_claimsA_issued_credential.json=8106
Falcon,multiple,revealed_claims_B_size,15,0,revealedClaims_IssuerB_claimsB_issued_credential.json=5130
Falcon,multiple,verify_single_A,15,4.532126,
Falcon,multiple,verify_single_B,15,0.614145,
Falcon,multiple,create_presentation,15,0.188083,
Falcon,multiple,aggregated_presentation_size,15,0,aggregatedClaimsAndSignatures.json=16310
Falcon,multiple,verify_multiple,15,0.314725,
BLS,single,keygen,16,0.202535,
BLS,single,private_key_size,16,0,IssuerA_privateKey.json=109
BLS,single,public_key_size,16,0,IssuerA_publicKey.json=140
BLS,single,create_credential_and_sign_root,16,0.348018,
BLS,single,credential_size,16,0,IssuerA_claimsA_issued_credential.json=307
BLS,single,signature_file_size,16,0,IssuerA_claimsA_signature.json=320
BLS,single,create_required_claims,16,0.260562,
BLS,single,create_selective_disclosure,16,6.112029,
BLS,single,revealed_claims_size,16,0,revealedClaims_IssuerA_claimsA_issued_credential.json=8108
BLS,single,verify_single,16,4.374224,
Falcon,single,keygen,16,0.625942,
Falcon,single,private_key_size,16,0,IssuerA_falcon_privateKey.json=2607
Falcon,single,public_key_size,16,0,IssuerA_falcon_publicKey.json=1838
Falcon,single,create_credential_and_sign_root,16,0.298562,
Falcon,single,credential_size,16,0,IssuerA_claimsA_issued_credential.json=306
Falcon,single,signature_file_size,16,0,IssuerA_claimsA_signature.json=1460
Falcon,single,create_required_claims,16,0.249602,
Falcon,single,create_selective_disclosure,16,6.268416,
Falcon,single,revealed_claims_size,16,0,revealedClaims_IssuerA_claimsA_issued_credential.json=8104
Falcon,single,verify_single,16,4.431689,
BLS,multiple,keygen_A,16,0.203239,
BLS,multiple,keygen_B,16,0.192631,
BLS,multiple,private_key_A_size,16,0,IssuerA_privateKey.json=109
BLS,multiple,public_key_A_size,16,0,IssuerA_publicKey.json=140
BLS,multiple,private_key_B_size,16,0,IssuerB_privateKey.json=109
BLS,multiple,public_key_B_size,16,0,IssuerB_publicKey.json=140
BLS,multiple,create_credential_A_and_sign_root,16,0.319161,
BLS,multiple,create_credential_B_and_sign_root,16,0.307995,
BLS,multiple,credential_A_size,16,0,IssuerA_claimsA_issued_credential.json=306
BLS,multiple,credential_B_size,16,0,IssuerB_claimsB_issued_credential.json=306
BLS,multiple,signature_A_file_size,16,0,IssuerA_claimsA_signature.json=320
BLS,multiple,signature_B_file_size,16,0,IssuerB_claimsB_signature.json=320
BLS,multiple,create_required_claims_A,16,0.253153,
BLS,multiple,create_required_claims_B,16,0.242712,
BLS,multiple,create_selective_disclosure_A,16,6.109415,
BLS,multiple,create_selective_disclosure_B,16,0.721891,
BLS,multiple,revealed_claims_A_size,16,0,revealedClaims_IssuerA_claimsA_issued_credential.json=8105
BLS,multiple,revealed_claims_B_size,16,0,revealedClaims_IssuerB_claimsB_issued_credential.json=5132
BLS,multiple,verify_single_A,16,4.330265,
BLS,multiple,verify_single_B,16,0.636535,
BLS,multiple,create_presentation,16,0.194087,
BLS,multiple,aggregated_presentation_size,16,0,aggregatedClaimsAndSignatures.json=13668
BLS,multiple,verify_multiple,16,0.318682,
Falcon,multiple,keygen_A,16,0.620186,
Falcon,multiple,keygen_B,16,0.654671,
Falcon,multiple,private_key_A_size,16,0,IssuerA_falcon_privateKey.json=2607
Falcon,multiple,public_key_A_size,16,0,IssuerA_falcon_publicKey.json=1838
Falcon,multiple,private_key_B_size,16,0,IssuerB_falcon_privateKey.json=2607
Falcon,multiple,public_key_B_size,16,0,IssuerB_falcon_publicKey.json=1838
Falcon,multiple,create_credential_A_and_sign_root,16,0.305759,
Falcon,multiple,create_credential_B_and_sign_root,16,0.304116,
Falcon,multiple,credential_A_size,16,0,IssuerA_claimsA_issued_credential.json=306
Falcon,multiple,credential_B_size,16,0,IssuerB_claimsB_issued_credential.json=307
Falcon,multiple,signature_A_file_size,16,0,IssuerA_claimsA_signature.json=1460
Falcon,multiple,signature_B_file_size,16,0,IssuerB_claimsB_signature.json=1460
Falcon,multiple,create_required_claims_A,16,0.244187,
Falcon,multiple,create_required_claims_B,16,0.240766,
Falcon,multiple,create_selective_disclosure_A,16,6.062539,
Falcon,multiple,create_selective_disclosure_B,16,0.695275,
Falcon,multiple,revealed_claims_A_size,16,0,revealedClaims_IssuerA_claimsA_issued_credential.json=8105
Falcon,multiple,revealed_claims_B_size,16,0,revealedClaims_IssuerB_claimsB_issued_credential.json=5133
Falcon,multiple,verify_single_A,16,4.319723,
Falcon,multiple,verify_single_B,16,0.603977,
Falcon,multiple,create_presentation,16,0.191184,
Falcon,multiple,aggregated_presentation_size,16,0,aggregatedClaimsAndSignatures.json=16312
Falcon,multiple,verify_multiple,16,0.296333,
BLS,single,keygen,17,0.195560,
BLS,single,private_key_size,17,0,IssuerA_privateKey.json=109
BLS,single,public_key_size,17,0,IssuerA_publicKey.json=140
BLS,single,create_credential_and_sign_root,17,0.302085,
BLS,single,credential_size,17,0,IssuerA_claimsA_issued_credential.json=306
BLS,single,signature_file_size,17,0,IssuerA_claimsA_signature.json=320
BLS,single,create_required_claims,17,0.242126,
BLS,single,create_selective_disclosure,17,6.138004,
BLS,single,revealed_claims_size,17,0,revealedClaims_IssuerA_claimsA_issued_credential.json=8104
BLS,single,verify_single,17,4.389991,
Falcon,single,keygen,17,0.600838,
Falcon,single,private_key_size,17,0,IssuerA_falcon_privateKey.json=2607
Falcon,single,public_key_size,17,0,IssuerA_falcon_publicKey.json=1838
Falcon,single,create_credential_and_sign_root,17,0.301141,
Falcon,single,credential_size,17,0,IssuerA_claimsA_issued_credential.json=306
Falcon,single,signature_file_size,17,0,IssuerA_claimsA_signature.json=1460
Falcon,single,create_required_claims,17,0.242038,
Falcon,single,create_selective_disclosure,17,6.318388,
Falcon,single,revealed_claims_size,17,0,revealedClaims_IssuerA_claimsA_issued_credential.json=8106
Falcon,single,verify_single,17,4.925966,
BLS,multiple,keygen_A,17,0.252337,
BLS,multiple,keygen_B,17,0.248563,
BLS,multiple,private_key_A_size,17,0,IssuerA_privateKey.json=109
BLS,multiple,public_key_A_size,17,0,IssuerA_publicKey.json=140
BLS,multiple,private_key_B_size,17,0,IssuerB_privateKey.json=109
BLS,multiple,public_key_B_size,17,0,IssuerB_publicKey.json=140
BLS,multiple,create_credential_A_and_sign_root,17,0.329709,
BLS,multiple,create_credential_B_and_sign_root,17,0.448860,
BLS,multiple,credential_A_size,17,0,IssuerA_claimsA_issued_credential.json=306
BLS,multiple,credential_B_size,17,0,IssuerB_claimsB_issued_credential.json=307
BLS,multiple,signature_A_file_size,17,0,IssuerA_claimsA_signature.json=320
BLS,multiple,signature_B_file_size,17,0,IssuerB_claimsB_signature.json=320
BLS,multiple,create_required_claims_A,17,0.305472,
BLS,multiple,create_required_claims_B,17,0.285582,
BLS,multiple,create_selective_disclosure_A,17,6.420140,
BLS,multiple,create_selective_disclosure_B,17,0.757128,
BLS,multiple,revealed_claims_A_size,17,0,revealedClaims_IssuerA_claimsA_issued_credential.json=8106
BLS,multiple,revealed_claims_B_size,17,0,revealedClaims_IssuerB_claimsB_issued_credential.json=5132
BLS,multiple,verify_single_A,17,4.399564,
BLS,multiple,verify_single_B,17,0.641858,
BLS,multiple,create_presentation,17,0.210852,
BLS,multiple,aggregated_presentation_size,17,0,aggregatedClaimsAndSignatures.json=13669
BLS,multiple,verify_multiple,17,0.496839,
Falcon,multiple,keygen_A,17,0.699880,
Falcon,multiple,keygen_B,17,0.607102,
Falcon,multiple,private_key_A_size,17,0,IssuerA_falcon_privateKey.json=2607
Falcon,multiple,public_key_A_size,17,0,IssuerA_falcon_publicKey.json=1838
Falcon,multiple,private_key_B_size,17,0,IssuerB_falcon_privateKey.json=2607
Falcon,multiple,public_key_B_size,17,0,IssuerB_falcon_publicKey.json=1838
Falcon,multiple,create_credential_A_and_sign_root,17,0.348584,
Falcon,multiple,create_credential_B_and_sign_root,17,0.352974,
Falcon,multiple,credential_A_size,17,0,IssuerA_claimsA_issued_credential.json=306
Falcon,multiple,credential_B_size,17,0,IssuerB_claimsB_issued_credential.json=306
Falcon,multiple,signature_A_file_size,17,0,IssuerA_claimsA_signature.json=1460
Falcon,multiple,signature_B_file_size,17,0,IssuerB_claimsB_signature.json=1460
Falcon,multiple,create_required_claims_A,17,0.248929,
Falcon,multiple,create_required_claims_B,17,0.243369,
Falcon,multiple,create_selective_disclosure_A,17,6.226243,
Falcon,multiple,create_selective_disclosure_B,17,0.702610,
Falcon,multiple,revealed_claims_A_size,17,0,revealedClaims_IssuerA_claimsA_issued_credential.json=8106
Falcon,multiple,revealed_claims_B_size,17,0,revealedClaims_IssuerB_claimsB_issued_credential.json=5132
Falcon,multiple,verify_single_A,17,4.392934,
Falcon,multiple,verify_single_B,17,0.655439,
Falcon,multiple,create_presentation,17,0.196251,
Falcon,multiple,aggregated_presentation_size,17,0,aggregatedClaimsAndSignatures.json=16312
Falcon,multiple,verify_multiple,17,0.309457,
BLS,single,keygen,18,0.204200,
BLS,single,private_key_size,18,0,IssuerA_privateKey.json=109
BLS,single,public_key_size,18,0,IssuerA_publicKey.json=140
BLS,single,create_credential_and_sign_root,18,0.317237,
BLS,single,credential_size,18,0,IssuerA_claimsA_issued_credential.json=306
BLS,single,signature_file_size,18,0,IssuerA_claimsA_signature.json=320
BLS,single,create_required_claims,18,0.262040,
BLS,single,create_selective_disclosure,18,6.195456,
BLS,single,revealed_claims_size,18,0,revealedClaims_IssuerA_claimsA_issued_credential.json=8106
BLS,single,verify_single,18,4.428708,
Falcon,single,keygen,18,0.669805,
Falcon,single,private_key_size,18,0,IssuerA_falcon_privateKey.json=2607
Falcon,single,public_key_size,18,0,IssuerA_falcon_publicKey.json=1838
Falcon,single,create_credential_and_sign_root,18,0.325386,
Falcon,single,credential_size,18,0,IssuerA_claimsA_issued_credential.json=306
Falcon,single,signature_file_size,18,0,IssuerA_claimsA_signature.json=1460
Falcon,single,create_required_claims,18,0.251244,
Falcon,single,create_selective_disclosure,18,6.611244,
Falcon,single,revealed_claims_size,18,0,revealedClaims_IssuerA_claimsA_issued_credential.json=8105
Falcon,single,verify_single,18,4.536869,
BLS,multiple,keygen_A,18,0.209946,
BLS,multiple,keygen_B,18,0.307139,
BLS,multiple,private_key_A_size,18,0,IssuerA_privateKey.json=109
BLS,multiple,public_key_A_size,18,0,IssuerA_publicKey.json=140
BLS,multiple,private_key_B_size,18,0,IssuerB_privateKey.json=109
BLS,multiple,public_key_B_size,18,0,IssuerB_publicKey.json=140
BLS,multiple,create_credential_A_and_sign_root,18,0.328189,
BLS,multiple,create_credential_B_and_sign_root,18,0.333800,
BLS,multiple,credential_A_size,18,0,IssuerA_claimsA_issued_credential.json=305
BLS,multiple,credential_B_size,18,0,IssuerB_claimsB_issued_credential.json=307
BLS,multiple,signature_A_file_size,18,0,IssuerA_claimsA_signature.json=320
BLS,multiple,signature_B_file_size,18,0,IssuerB_claimsB_signature.json=320
BLS,multiple,create_required_claims_A,18,0.257017,
BLS,multiple,create_required_claims_B,18,0.264137,
BLS,multiple,create_selective_disclosure_A,18,6.413122,
BLS,multiple,create_selective_disclosure_B,18,0.699372,
BLS,multiple,revealed_claims_A_size,18,0,revealedClaims_IssuerA_claimsA_issued_credential.json=8103
BLS,multiple,revealed_claims_B_size,18,0,revealedClaims_IssuerB_claimsB_issued_credential.json=5132
BLS,multiple,verify_single_A,18,4.390022,
BLS,multiple,verify_single_B,18,0.628944,
BLS,multiple,create_presentation,18,0.196912,
BLS,multiple,aggregated_presentation_size,18,0,aggregatedClaimsAndSignatures.json=13666
BLS,multiple,verify_multiple,18,0.330657,
Falcon,multiple,keygen_A,18,0.616452,
Falcon,multiple,keygen_B,18,0.413011,
Falcon,multiple,private_key_A_size,18,0,IssuerA_falcon_privateKey.json=2607
Falcon,multiple,public_key_A_size,18,0,IssuerA_falcon_publicKey.json=1838
Falcon,multiple,private_key_B_size,18,0,IssuerB_falcon_privateKey.json=2607
Falcon,multiple,public_key_B_size,18,0,IssuerB_falcon_publicKey.json=1838
Falcon,multiple,create_credential_A_and_sign_root,18,0.365306,
Falcon,multiple,create_credential_B_and_sign_root,18,0.307794,
Falcon,multiple,credential_A_size,18,0,IssuerA_claimsA_issued_credential.json=306
Falcon,multiple,credential_B_size,18,0,IssuerB_claimsB_issued_credential.json=305
Falcon,multiple,signature_A_file_size,18,0,IssuerA_claimsA_signature.json=1460
Falcon,multiple,signature_B_file_size,18,0,IssuerB_claimsB_signature.json=1460
Falcon,multiple,create_required_claims_A,18,0.243972,
Falcon,multiple,create_required_claims_B,18,0.277896,
Falcon,multiple,create_selective_disclosure_A,18,6.171271,
Falcon,multiple,create_selective_disclosure_B,18,0.716765,
Falcon,multiple,revealed_claims_A_size,18,0,revealedClaims_IssuerA_claimsA_issued_credential.json=8106
Falcon,multiple,revealed_claims_B_size,18,0,revealedClaims_IssuerB_claimsB_issued_credential.json=5131
Falcon,multiple,verify_single_A,18,4.373952,
Falcon,multiple,verify_single_B,18,0.623255,
Falcon,multiple,create_presentation,18,0.193921,
Falcon,multiple,aggregated_presentation_size,18,0,aggregatedClaimsAndSignatures.json=16311
Falcon,multiple,verify_multiple,18,0.305028,
BLS,single,keygen,19,0.198447,
BLS,single,private_key_size,19,0,IssuerA_privateKey.json=109
BLS,single,public_key_size,19,0,IssuerA_publicKey.json=140
BLS,single,create_credential_and_sign_root,19,0.307923,
BLS,single,credential_size,19,0,IssuerA_claimsA_issued_credential.json=305
BLS,single,signature_file_size,19,0,IssuerA_claimsA_signature.json=320
BLS,single,create_required_claims,19,0.244616,
BLS,single,create_selective_disclosure,19,6.091859,
BLS,single,revealed_claims_size,19,0,revealedClaims_IssuerA_claimsA_issued_credential.json=8103
BLS,single,verify_single,19,4.350973,
Falcon,single,keygen,19,0.668783,
Falcon,single,private_key_size,19,0,IssuerA_falcon_privateKey.json=2607
Falcon,single,public_key_size,19,0,IssuerA_falcon_publicKey.json=1838
Falcon,single,create_credential_and_sign_root,19,0.299406,
Falcon,single,credential_size,19,0,IssuerA_claimsA_issued_credential.json=306
Falcon,single,signature_file_size,19,0,IssuerA_claimsA_signature.json=1460
Falcon,single,create_required_claims,19,0.244997,
Falcon,single,create_selective_disclosure,19,6.177790,
Falcon,single,revealed_claims_size,19,0,revealedClaims_IssuerA_claimsA_issued_credential.json=8105
Falcon,single,verify_single,19,4.356870,
BLS,multiple,keygen_A,19,0.195159,
BLS,multiple,keygen_B,19,0.197005,
BLS,multiple,private_key_A_size,19,0,IssuerA_privateKey.json=109
BLS,multiple,public_key_A_size,19,0,IssuerA_publicKey.json=140
BLS,multiple,private_key_B_size,19,0,IssuerB_privateKey.json=109
BLS,multiple,public_key_B_size,19,0,IssuerB_publicKey.json=140
BLS,multiple,create_credential_A_and_sign_root,19,0.313162,
BLS,multiple,create_credential_B_and_sign_root,19,0.307960,
BLS,multiple,credential_A_size,19,0,IssuerA_claimsA_issued_credential.json=306
BLS,multiple,credential_B_size,19,0,IssuerB_claimsB_issued_credential.json=306
BLS,multiple,signature_A_file_size,19,0,IssuerA_claimsA_signature.json=320
BLS,multiple,signature_B_file_size,19,0,IssuerB_claimsB_signature.json=320
BLS,multiple,create_required_claims_A,19,0.241713,
BLS,multiple,create_required_claims_B,19,0.242468,
BLS,multiple,create_selective_disclosure_A,19,6.191222,
BLS,multiple,create_selective_disclosure_B,19,0.854761,
BLS,multiple,revealed_claims_A_size,19,0,revealedClaims_IssuerA_claimsA_issued_credential.json=8105
BLS,multiple,revealed_claims_B_size,19,0,revealedClaims_IssuerB_claimsB_issued_credential.json=5132
BLS,multiple,verify_single_A,19,4.488310,
BLS,multiple,verify_single_B,19,0.657712,
BLS,multiple,create_presentation,19,0.193227,
BLS,multiple,aggregated_presentation_size,19,0,aggregatedClaimsAndSignatures.json=13668
BLS,multiple,verify_multiple,19,0.322900,
Falcon,multiple,keygen_A,19,0.412297,
Falcon,multiple,keygen_B,19,0.704880,
Falcon,multiple,private_key_A_size,19,0,IssuerA_falcon_privateKey.json=2607
Falcon,multiple,public_key_A_size,19,0,IssuerA_falcon_publicKey.json=1838
Falcon,multiple,private_key_B_size,19,0,IssuerB_falcon_privateKey.json=2607
Falcon,multiple,public_key_B_size,19,0,IssuerB_falcon_publicKey.json=1838
Falcon,multiple,create_credential_A_and_sign_root,19,0.317772,
Falcon,multiple,create_credential_B_and_sign_root,19,0.324476,
Falcon,multiple,credential_A_size,19,0,IssuerA_claimsA_issued_credential.json=305
Falcon,multiple,credential_B_size,19,0,IssuerB_claimsB_issued_credential.json=307
Falcon,multiple,signature_A_file_size,19,0,IssuerA_claimsA_signature.json=1460
Falcon,multiple,signature_B_file_size,19,0,IssuerB_claimsB_signature.json=1460
Falcon,multiple,create_required_claims_A,19,0.243387,
Falcon,multiple,create_required_claims_B,19,0.245192,
Falcon,multiple,create_selective_disclosure_A,19,6.158132,
Falcon,multiple,create_selective_disclosure_B,19,0.696719,
Falcon,multiple,revealed_claims_A_size,19,0,revealedClaims_IssuerA_claimsA_issued_credential.json=8104
Falcon,multiple,revealed_claims_B_size,19,0,revealedClaims_IssuerB_claimsB_issued_credential.json=5132
Falcon,multiple,verify_single_A,19,4.356203,
Falcon,multiple,verify_single_B,19,0.611316,
Falcon,multiple,create_presentation,19,0.195156,
Falcon,multiple,aggregated_presentation_size,19,0,aggregatedClaimsAndSignatures.json=16310
Falcon,multiple,verify_multiple,19,0.304609,
BLS,single,keygen,20,0.194331,
BLS,single,private_key_size,20,0,IssuerA_privateKey.json=109
BLS,single,public_key_size,20,0,IssuerA_publicKey.json=140
BLS,single,create_credential_and_sign_root,20,0.308651,
BLS,single,credential_size,20,0,IssuerA_claimsA_issued_credential.json=306
BLS,single,signature_file_size,20,0,IssuerA_claimsA_signature.json=320
BLS,single,create_required_claims,20,0.245785,
BLS,single,create_selective_disclosure,20,6.080494,
BLS,single,revealed_claims_size,20,0,revealedClaims_IssuerA_claimsA_issued_credential.json=8106
BLS,single,verify_single,20,4.361299,
Falcon,single,keygen,20,0.619239,
Falcon,single,private_key_size,20,0,IssuerA_falcon_privateKey.json=2607
Falcon,single,public_key_size,20,0,IssuerA_falcon_publicKey.json=1838
Falcon,single,create_credential_and_sign_root,20,0.310418,
Falcon,single,credential_size,20,0,IssuerA_claimsA_issued_credential.json=306
Falcon,single,signature_file_size,20,0,IssuerA_claimsA_signature.json=1460
Falcon,single,create_required_claims,20,0.246631,
Falcon,single,create_selective_disclosure,20,6.264449,
Falcon,single,revealed_claims_size,20,0,revealedClaims_IssuerA_claimsA_issued_credential.json=8106
Falcon,single,verify_single,20,4.312091,
BLS,multiple,keygen_A,20,0.207769,
BLS,multiple,keygen_B,20,0.195184,
BLS,multiple,private_key_A_size,20,0,IssuerA_privateKey.json=109
BLS,multiple,public_key_A_size,20,0,IssuerA_publicKey.json=140
BLS,multiple,private_key_B_size,20,0,IssuerB_privateKey.json=109
BLS,multiple,public_key_B_size,20,0,IssuerB_publicKey.json=140
BLS,multiple,create_credential_A_and_sign_root,20,0.308585,
BLS,multiple,create_credential_B_and_sign_root,20,0.354858,
BLS,multiple,credential_A_size,20,0,IssuerA_claimsA_issued_credential.json=306
BLS,multiple,credential_B_size,20,0,IssuerB_claimsB_issued_credential.json=306
BLS,multiple,signature_A_file_size,20,0,IssuerA_claimsA_signature.json=320
BLS,multiple,signature_B_file_size,20,0,IssuerB_claimsB_signature.json=320
BLS,multiple,create_required_claims_A,20,0.252363,
BLS,multiple,create_required_claims_B,20,0.250690,
BLS,multiple,create_selective_disclosure_A,20,6.101869,
BLS,multiple,create_selective_disclosure_B,20,0.691925,
BLS,multiple,revealed_claims_A_size,20,0,revealedClaims_IssuerA_claimsA_issued_credential.json=8106
BLS,multiple,revealed_claims_B_size,20,0,revealedClaims_IssuerB_claimsB_issued_credential.json=5132
BLS,multiple,verify_single_A,20,4.388784,
BLS,multiple,verify_single_B,20,0.615804,
BLS,multiple,create_presentation,20,0.193602,
BLS,multiple,aggregated_presentation_size,20,0,aggregatedClaimsAndSignatures.json=13669
BLS,multiple,verify_multiple,20,0.318817,
Falcon,multiple,keygen_A,20,0.640544,
Falcon,multiple,keygen_B,20,0.426693,
Falcon,multiple,private_key_A_size,20,0,IssuerA_falcon_privateKey.json=2607
Falcon,multiple,public_key_A_size,20,0,IssuerA_falcon_publicKey.json=1838
Falcon,multiple,private_key_B_size,20,0,IssuerB_falcon_privateKey.json=2607
Falcon,multiple,public_key_B_size,20,0,IssuerB_falcon_publicKey.json=1838
Falcon,multiple,create_credential_A_and_sign_root,20,0.308193,
Falcon,multiple,create_credential_B_and_sign_root,20,0.299147,
Falcon,multiple,credential_A_size,20,0,IssuerA_claimsA_issued_credential.json=305
Falcon,multiple,credential_B_size,20,0,IssuerB_claimsB_issued_credential.json=306
Falcon,multiple,signature_A_file_size,20,0,IssuerA_claimsA_signature.json=1460
Falcon,multiple,signature_B_file_size,20,0,IssuerB_claimsB_signature.json=1460
Falcon,multiple,create_required_claims_A,20,0.249028,
Falcon,multiple,create_required_claims_B,20,0.242578,
Falcon,multiple,create_selective_disclosure_A,20,6.218272,
Falcon,multiple,create_selective_disclosure_B,20,0.746946,
Falcon,multiple,revealed_claims_A_size,20,0,revealedClaims_IssuerA_claimsA_issued_credential.json=8104
Falcon,multiple,revealed_claims_B_size,20,0,revealedClaims_IssuerB_claimsB_issued_credential.json=5132
Falcon,multiple,verify_single_A,20,4.453222,
Falcon,multiple,verify_single_B,20,0.620650,
Falcon,multiple,create_presentation,20,0.206362,
Falcon,multiple,aggregated_presentation_size,20,0,aggregatedClaimsAndSignatures.json=16310
Falcon,multiple,verify_multiple,20,0.309119,
BLS,single,keygen,21,0.193358,
BLS,single,private_key_size,21,0,IssuerA_privateKey.json=109
BLS,single,public_key_size,21,0,IssuerA_publicKey.json=140
BLS,single,create_credential_and_sign_root,21,0.303184,
BLS,single,credential_size,21,0,IssuerA_claimsA_issued_credential.json=306
BLS,single,signature_file_size,21,0,IssuerA_claimsA_signature.json=320
BLS,single,create_required_claims,21,0.245412,
BLS,single,create_selective_disclosure,21,6.139667,
BLS,single,revealed_claims_size,21,0,revealedClaims_IssuerA_claimsA_issued_credential.json=8106
BLS,single,verify_single,21,4.404969,
Falcon,single,keygen,21,0.609392,
Falcon,single,private_key_size,21,0,IssuerA_falcon_privateKey.json=2607
Falcon,single,public_key_size,21,0,IssuerA_falcon_publicKey.json=1838
Falcon,single,create_credential_and_sign_root,21,0.305303,
Falcon,single,credential_size,21,0,IssuerA_claimsA_issued_credential.json=307
Falcon,single,signature_file_size,21,0,IssuerA_claimsA_signature.json=1460
Falcon,single,create_required_claims,21,0.244147,
Falcon,single,create_selective_disclosure,21,6.080048,
Falcon,single,revealed_claims_size,21,0,revealedClaims_IssuerA_claimsA_issued_credential.json=8106
Falcon,single,verify_single,21,4.809818,
BLS,multiple,keygen_A,21,0.203591,
BLS,multiple,keygen_B,21,0.197862,
BLS,multiple,private_key_A_size,21,0,IssuerA_privateKey.json=109
BLS,multiple,public_key_A_size,21,0,IssuerA_publicKey.json=140
BLS,multiple,private_key_B_size,21,0,IssuerB_privateKey.json=109
BLS,multiple,public_key_B_size,21,0,IssuerB_publicKey.json=140
BLS,multiple,create_credential_A_and_sign_root,21,0.310498,
BLS,multiple,create_credential_B_and_sign_root,21,0.304736,
BLS,multiple,credential_A_size,21,0,IssuerA_claimsA_issued_credential.json=306
BLS,multiple,credential_B_size,21,0,IssuerB_claimsB_issued_credential.json=307
BLS,multiple,signature_A_file_size,21,0,IssuerA_claimsA_signature.json=320
BLS,multiple,signature_B_file_size,21,0,IssuerB_claimsB_signature.json=320
BLS,multiple,create_required_claims_A,21,0.238346,
BLS,multiple,create_required_claims_B,21,0.238410,
BLS,multiple,create_selective_disclosure_A,21,6.232681,
BLS,multiple,create_selective_disclosure_B,21,0.711201,
BLS,multiple,revealed_claims_A_size,21,0,revealedClaims_IssuerA_claimsA_issued_credential.json=8105
BLS,multiple,revealed_claims_B_size,21,0,revealedClaims_IssuerB_claimsB_issued_credential.json=5133
BLS,multiple,verify_single_A,21,4.340504,
BLS,multiple,verify_single_B,21,0.616434,
BLS,multiple,create_presentation,21,0.192795,
BLS,multiple,aggregated_presentation_size,21,0,aggregatedClaimsAndSignatures.json=13669
BLS,multiple,verify_multiple,21,0.314463,
Falcon,multiple,keygen_A,21,0.614849,
Falcon,multiple,keygen_B,21,0.624315,
Falcon,multiple,private_key_A_size,21,0,IssuerA_falcon_privateKey.json=2607
Falcon,multiple,public_key_A_size,21,0,IssuerA_falcon_publicKey.json=1838
Falcon,multiple,private_key_B_size,21,0,IssuerB_falcon_privateKey.json=2607
Falcon,multiple,public_key_B_size,21,0,IssuerB_falcon_publicKey.json=1838
Falcon,multiple,create_credential_A_and_sign_root,21,0.342502,
Falcon,multiple,create_credential_B_and_sign_root,21,0.307686,
Falcon,multiple,credential_A_size,21,0,IssuerA_claimsA_issued_credential.json=306
Falcon,multiple,credential_B_size,21,0,IssuerB_claimsB_issued_credential.json=306
Falcon,multiple,signature_A_file_size,21,0,IssuerA_claimsA_signature.json=1460
Falcon,multiple,signature_B_file_size,21,0,IssuerB_claimsB_signature.json=1460
Falcon,multiple,create_required_claims_A,21,0.239000,
Falcon,multiple,create_required_claims_B,21,0.241352,
Falcon,multiple,create_selective_disclosure_A,21,6.240541,
Falcon,multiple,create_selective_disclosure_B,21,0.700689,
Falcon,multiple,revealed_claims_A_size,21,0,revealedClaims_IssuerA_claimsA_issued_credential.json=8105
Falcon,multiple,revealed_claims_B_size,21,0,revealedClaims_IssuerB_claimsB_issued_credential.json=5132
Falcon,multiple,verify_single_A,21,4.459333,
Falcon,multiple,verify_single_B,21,0.640945,
Falcon,multiple,create_presentation,21,0.206361,
Falcon,multiple,aggregated_presentation_size,21,0,aggregatedClaimsAndSignatures.json=16311
Falcon,multiple,verify_multiple,21,0.303912,
BLS,single,keygen,22,0.194525,
BLS,single,private_key_size,22,0,IssuerA_privateKey.json=109
BLS,single,public_key_size,22,0,IssuerA_publicKey.json=140
BLS,single,create_credential_and_sign_root,22,0.306099,
BLS,single,credential_size,22,0,IssuerA_claimsA_issued_credential.json=306
BLS,single,signature_file_size,22,0,IssuerA_claimsA_signature.json=320
BLS,single,create_required_claims,22,0.241937,
BLS,single,create_selective_disclosure,22,7.595777,
BLS,single,revealed_claims_size,22,0,revealedClaims_IssuerA_claimsA_issued_credential.json=8106
BLS,single,verify_single,22,4.469905,
Falcon,single,keygen,22,0.617560,
Falcon,single,private_key_size,22,0,IssuerA_falcon_privateKey.json=2607
Falcon,single,public_key_size,22,0,IssuerA_falcon_publicKey.json=1838
Falcon,single,create_credential_and_sign_root,22,0.299805,
Falcon,single,credential_size,22,0,IssuerA_claimsA_issued_credential.json=306
Falcon,single,signature_file_size,22,0,IssuerA_claimsA_signature.json=1460
Falcon,single,create_required_claims,22,0.242307,
Falcon,single,create_selective_disclosure,22,6.133912,
Falcon,single,revealed_claims_size,22,0,revealedClaims_IssuerA_claimsA_issued_credential.json=8105
Falcon,single,verify_single,22,4.379339,
BLS,multiple,keygen_A,22,0.195439,
BLS,multiple,keygen_B,22,0.196106,
BLS,multiple,private_key_A_size,22,0,IssuerA_privateKey.json=109
BLS,multiple,public_key_A_size,22,0,IssuerA_publicKey.json=140
BLS,multiple,private_key_B_size,22,0,IssuerB_privateKey.json=109
BLS,multiple,public_key_B_size,22,0,IssuerB_publicKey.json=140
BLS,multiple,create_credential_A_and_sign_root,22,0.308320,
BLS,multiple,create_credential_B_and_sign_root,22,0.303163,
BLS,multiple,credential_A_size,22,0,IssuerA_claimsA_issued_credential.json=306
BLS,multiple,credential_B_size,22,0,IssuerB_claimsB_issued_credential.json=306
BLS,multiple,signature_A_file_size,22,0,IssuerA_claimsA_signature.json=320
BLS,multiple,signature_B_file_size,22,0,IssuerB_claimsB_signature.json=320
BLS,multiple,create_required_claims_A,22,0.253182,
BLS,multiple,create_required_claims_B,22,0.241949,
BLS,multiple,create_selective_disclosure_A,22,6.036458,
BLS,multiple,create_selective_disclosure_B,22,0.685296,
BLS,multiple,revealed_claims_A_size,22,0,revealedClaims_IssuerA_claimsA_issued_credential.json=8105
BLS,multiple,revealed_claims_B_size,22,0,revealedClaims_IssuerB_claimsB_issued_credential.json=5132
BLS,multiple,verify_single_A,22,4.353560,
BLS,multiple,verify_single_B,22,0.692003,
BLS,multiple,create_presentation,22,0.194302,
BLS,multiple,aggregated_presentation_size,22,0,aggregatedClaimsAndSignatures.json=13668
BLS,multiple,verify_multiple,22,0.322409,
Falcon,multiple,keygen_A,22,0.651979,
Falcon,multiple,keygen_B,22,0.606365,
Falcon,multiple,private_key_A_size,22,0,IssuerA_falcon_privateKey.json=2607
Falcon,multiple,public_key_A_size,22,0,IssuerA_falcon_publicKey.json=1838
Falcon,multiple,private_key_B_size,22,0,IssuerB_falcon_privateKey.json=2607
Falcon,multiple,public_key_B_size,22,0,IssuerB_falcon_publicKey.json=1838
Falcon,multiple,create_credential_A_and_sign_root,22,0.304143,
Falcon,multiple,create_credential_B_and_sign_root,22,0.302907,
Falcon,multiple,credential_A_size,22,0,IssuerA_claimsA_issued_credential.json=306
Falcon,multiple,credential_B_size,22,0,IssuerB_claimsB_issued_credential.json=306
Falcon,multiple,signature_A_file_size,22,0,IssuerA_claimsA_signature.json=1460
Falcon,multiple,signature_B_file_size,22,0,IssuerB_claimsB_signature.json=1460
Falcon,multiple,create_required_claims_A,22,0.268315,
Falcon,multiple,create_required_claims_B,22,0.278837,
Falcon,multiple,create_selective_disclosure_A,22,6.096692,
Falcon,multiple,create_selective_disclosure_B,22,0.693149,
Falcon,multiple,revealed_claims_A_size,22,0,revealedClaims_IssuerA_claimsA_issued_credential.json=8105
Falcon,multiple,revealed_claims_B_size,22,0,revealedClaims_IssuerB_claimsB_issued_credential.json=5132
Falcon,multiple,verify_single_A,22,4.331996,
Falcon,multiple,verify_single_B,22,0.611373,
Falcon,multiple,create_presentation,22,0.193702,
Falcon,multiple,aggregated_presentation_size,22,0,aggregatedClaimsAndSignatures.json=16311
Falcon,multiple,verify_multiple,22,0.303979,
BLS,single,keygen,23,0.220477,
BLS,single,private_key_size,23,0,IssuerA_privateKey.json=109
BLS,single,public_key_size,23,0,IssuerA_publicKey.json=140
BLS,single,create_credential_and_sign_root,23,0.314711,
BLS,single,credential_size,23,0,IssuerA_claimsA_issued_credential.json=306
BLS,single,signature_file_size,23,0,IssuerA_claimsA_signature.json=320
BLS,single,create_required_claims,23,0.240504,
BLS,single,create_selective_disclosure,23,6.139093,
BLS,single,revealed_claims_size,23,0,revealedClaims_IssuerA_claimsA_issued_credential.json=8106
BLS,single,verify_single,23,4.392175,
Falcon,single,keygen,23,0.668426,
Falcon,single,private_key_size,23,0,IssuerA_falcon_privateKey.json=2607
Falcon,single,public_key_size,23,0,IssuerA_falcon_publicKey.json=1838
Falcon,single,create_credential_and_sign_root,23,0.307478,
Falcon,single,credential_size,23,0,IssuerA_claimsA_issued_credential.json=305
Falcon,single,signature_file_size,23,0,IssuerA_claimsA_signature.json=1460
Falcon,single,create_required_claims,23,0.244106,
Falcon,single,create_selective_disclosure,23,6.232273,
Falcon,single,revealed_claims_size,23,0,revealedClaims_IssuerA_claimsA_issued_credential.json=8103
Falcon,single,verify_single,23,4.400556,
BLS,multiple,keygen_A,23,0.197452,
BLS,multiple,keygen_B,23,0.196768,
BLS,multiple,private_key_A_size,23,0,IssuerA_privateKey.json=109
BLS,multiple,public_key_A_size,23,0,IssuerA_publicKey.json=140
BLS,multiple,private_key_B_size,23,0,IssuerB_privateKey.json=109
BLS,multiple,public_key_B_size,23,0,IssuerB_publicKey.json=140
BLS,multiple,create_credential_A_and_sign_root,23,0.315703,
BLS,multiple,create_credential_B_and_sign_root,23,0.309792,
BLS,multiple,credential_A_size,23,0,IssuerA_claimsA_issued_credential.json=306
BLS,multiple,credential_B_size,23,0,IssuerB_claimsB_issued_credential.json=306
BLS,multiple,signature_A_file_size,23,0,IssuerA_claimsA_signature.json=320
BLS,multiple,signature_B_file_size,23,0,IssuerB_claimsB_signature.json=320
BLS,multiple,create_required_claims_A,23,0.240339,
BLS,multiple,create_required_claims_B,23,0.241802,
BLS,multiple,create_selective_disclosure_A,23,6.138060,
BLS,multiple,create_selective_disclosure_B,23,0.708189,
BLS,multiple,revealed_claims_A_size,23,0,revealedClaims_IssuerA_claimsA_issued_credential.json=8106
BLS,multiple,revealed_claims_B_size,23,0,revealedClaims_IssuerB_claimsB_issued_credential.json=5130
BLS,multiple,verify_single_A,23,4.401677,
BLS,multiple,verify_single_B,23,0.619822,
BLS,multiple,create_presentation,23,0.201595,
BLS,multiple,aggregated_presentation_size,23,0,aggregatedClaimsAndSignatures.json=13667
BLS,multiple,verify_multiple,23,0.322895,
Falcon,multiple,keygen_A,23,0.692493,
Falcon,multiple,keygen_B,23,0.593909,
Falcon,multiple,private_key_A_size,23,0,IssuerA_falcon_privateKey.json=2607
Falcon,multiple,public_key_A_size,23,0,IssuerA_falcon_publicKey.json=1838
Falcon,multiple,private_key_B_size,23,0,IssuerB_falcon_privateKey.json=2607
Falcon,multiple,public_key_B_size,23,0,IssuerB_falcon_publicKey.json=1838
Falcon,multiple,create_credential_A_and_sign_root,23,0.303912,
Falcon,multiple,create_credential_B_and_sign_root,23,0.307561,
Falcon,multiple,credential_A_size,23,0,IssuerA_claimsA_issued_credential.json=306
Falcon,multiple,credential_B_size,23,0,IssuerB_claimsB_issued_credential.json=306
Falcon,multiple,signature_A_file_size,23,0,IssuerA_claimsA_signature.json=1460
Falcon,multiple,signature_B_file_size,23,0,IssuerB_claimsB_signature.json=1460
Falcon,multiple,create_required_claims_A,23,0.238096,
Falcon,multiple,create_required_claims_B,23,0.242320,
Falcon,multiple,create_selective_disclosure_A,23,6.122527,
Falcon,multiple,create_selective_disclosure_B,23,0.698233,
Falcon,multiple,revealed_claims_A_size,23,0,revealedClaims_IssuerA_claimsA_issued_credential.json=8106
Falcon,multiple,revealed_claims_B_size,23,0,revealedClaims_IssuerB_claimsB_issued_credential.json=5132
Falcon,multiple,verify_single_A,23,4.398828,
Falcon,multiple,verify_single_B,23,0.634967,
Falcon,multiple,create_presentation,23,0.194117,
Falcon,multiple,aggregated_presentation_size,23,0,aggregatedClaimsAndSignatures.json=16312
Falcon,multiple,verify_multiple,23,0.295878,
BLS,single,keygen,24,0.197558,
BLS,single,private_key_size,24,0,IssuerA_privateKey.json=109
BLS,single,public_key_size,24,0,IssuerA_publicKey.json=140
BLS,single,create_credential_and_sign_root,24,0.306497,
BLS,single,credential_size,24,0,IssuerA_claimsA_issued_credential.json=306
BLS,single,signature_file_size,24,0,IssuerA_claimsA_signature.json=320
BLS,single,create_required_claims,24,0.240996,
BLS,single,create_selective_disclosure,24,6.086587,
BLS,single,revealed_claims_size,24,0,revealedClaims_IssuerA_claimsA_issued_credential.json=8106
BLS,single,verify_single,24,4.427332,
Falcon,single,keygen,24,0.709421,
Falcon,single,private_key_size,24,0,IssuerA_falcon_privateKey.json=2607
Falcon,single,public_key_size,24,0,IssuerA_falcon_publicKey.json=1838
Falcon,single,create_credential_and_sign_root,24,0.308734,
Falcon,single,credential_size,24,0,IssuerA_claimsA_issued_credential.json=307
Falcon,single,signature_file_size,24,0,IssuerA_claimsA_signature.json=1460
Falcon,single,create_required_claims,24,0.242565,
Falcon,single,create_selective_disclosure,24,6.049441,
Falcon,single,revealed_claims_size,24,0,revealedClaims_IssuerA_claimsA_issued_credential.json=8105
Falcon,single,verify_single,24,4.384969,
BLS,multiple,keygen_A,24,0.203513,
BLS,multiple,keygen_B,24,0.206412,
BLS,multiple,private_key_A_size,24,0,IssuerA_privateKey.json=109
BLS,multiple,public_key_A_size,24,0,IssuerA_publicKey.json=140
BLS,multiple,private_key_B_size,24,0,IssuerB_privateKey.json=109
BLS,multiple,public_key_B_size,24,0,IssuerB_publicKey.json=140
BLS,multiple,create_credential_A_and_sign_root,24,0.312973,
BLS,multiple,create_credential_B_and_sign_root,24,0.303061,
BLS,multiple,credential_A_size,24,0,IssuerA_claimsA_issued_credential.json=307
BLS,multiple,credential_B_size,24,0,IssuerB_claimsB_issued_credential.json=306
BLS,multiple,signature_A_file_size,24,0,IssuerA_claimsA_signature.json=320
BLS,multiple,signature_B_file_size,24,0,IssuerB_claimsB_signature.json=320
BLS,multiple,create_required_claims_A,24,0.238945,
BLS,multiple,create_required_claims_B,24,0.245505,
BLS,multiple,create_selective_disclosure_A,24,6.328064,
BLS,multiple,create_selective_disclosure_B,24,0.715930,
BLS,multiple,revealed_claims_A_size,24,0,revealedClaims_IssuerA_claimsA_issued_credential.json=8107
BLS,multiple,revealed_claims_B_size,24,0,revealedClaims_IssuerB_claimsB_issued_credential.json=5132
BLS,multiple,verify_single_A,24,4.380310,
BLS,multiple,verify_single_B,24,0.631280,
BLS,multiple,create_presentation,24,0.196561,
BLS,multiple,aggregated_presentation_size,24,0,aggregatedClaimsAndSignatures.json=13670
BLS,multiple,verify_multiple,24,0.324185,
Falcon,multiple,keygen_A,24,0.624744,
Falcon,multiple,keygen_B,24,0.631732,
Falcon,multiple,private_key_A_size,24,0,IssuerA_falcon_privateKey.json=2607
Falcon,multiple,public_key_A_size,24,0,IssuerA_falcon_publicKey.json=1838
Falcon,multiple,private_key_B_size,24,0,IssuerB_falcon_privateKey.json=2607
Falcon,multiple,public_key_B_size,24,0,IssuerB_falcon_publicKey.json=1838
Falcon,multiple,create_credential_A_and_sign_root,24,0.310203,
Falcon,multiple,create_credential_B_and_sign_root,24,0.305986,
Falcon,multiple,credential_A_size,24,0,IssuerA_claimsA_issued_credential.json=306
Falcon,multiple,credential_B_size,24,0,IssuerB_claimsB_issued_credential.json=306
Falcon,multiple,signature_A_file_size,24,0,IssuerA_claimsA_signature.json=1460
Falcon,multiple,signature_B_file_size,24,0,IssuerB_claimsB_signature.json=1460
Falcon,multiple,create_required_claims_A,24,0.242961,
Falcon,multiple,create_required_claims_B,24,0.240483,
Falcon,multiple,create_selective_disclosure_A,24,6.053871,
Falcon,multiple,create_selective_disclosure_B,24,0.687043,
Falcon,multiple,revealed_claims_A_size,24,0,revealedClaims_IssuerA_claimsA_issued_credential.json=8106
Falcon,multiple,revealed_claims_B_size,24,0,revealedClaims_IssuerB_claimsB_issued_credential.json=5131
Falcon,multiple,verify_single_A,24,4.338709,
Falcon,multiple,verify_single_B,24,0.609801,
Falcon,multiple,create_presentation,24,0.188960,
Falcon,multiple,aggregated_presentation_size,24,0,aggregatedClaimsAndSignatures.json=16311
Falcon,multiple,verify_multiple,24,0.302539,
BLS,single,keygen,25,0.220460,
BLS,single,private_key_size,25,0,IssuerA_privateKey.json=109
BLS,single,public_key_size,25,0,IssuerA_publicKey.json=140
BLS,single,create_credential_and_sign_root,25,0.312819,
BLS,single,credential_size,25,0,IssuerA_claimsA_issued_credential.json=307
BLS,single,signature_file_size,25,0,IssuerA_claimsA_signature.json=320
BLS,single,create_required_claims,25,0.244020,
BLS,single,create_selective_disclosure,25,6.187866,
BLS,single,revealed_claims_size,25,0,revealedClaims_IssuerA_claimsA_issued_credential.json=8107
BLS,single,verify_single,25,4.332193,
Falcon,single,keygen,25,0.632840,
Falcon,single,private_key_size,25,0,IssuerA_falcon_privateKey.json=2607
Falcon,single,public_key_size,25,0,IssuerA_falcon_publicKey.json=1838
Falcon,single,create_credential_and_sign_root,25,0.299602,
Falcon,single,credential_size,25,0,IssuerA_claimsA_issued_credential.json=306
Falcon,single,signature_file_size,25,0,IssuerA_claimsA_signature.json=1460
Falcon,single,create_required_claims,25,0.247289,
Falcon,single,create_selective_disclosure,25,6.398145,
Falcon,single,revealed_claims_size,25,0,revealedClaims_IssuerA_claimsA_issued_credential.json=8106
Falcon,single,verify_single,25,4.392665,
BLS,multiple,keygen_A,25,0.209300,
BLS,multiple,keygen_B,25,0.192186,
BLS,multiple,private_key_A_size,25,0,IssuerA_privateKey.json=109
BLS,multiple,public_key_A_size,25,0,IssuerA_publicKey.json=140
BLS,multiple,private_key_B_size,25,0,IssuerB_privateKey.json=109
BLS,multiple,public_key_B_size,25,0,IssuerB_publicKey.json=140
BLS,multiple,create_credential_A_and_sign_root,25,0.314152,
BLS,multiple,create_credential_B_and_sign_root,25,0.305307,
BLS,multiple,credential_A_size,25,0,IssuerA_claimsA_issued_credential.json=306
BLS,multiple,credential_B_size,25,0,IssuerB_claimsB_issued_credential.json=307
BLS,multiple,signature_A_file_size,25,0,IssuerA_claimsA_signature.json=320
BLS,multiple,signature_B_file_size,25,0,IssuerB_claimsB_signature.json=320
BLS,multiple,create_required_claims_A,25,0.238382,
BLS,multiple,create_required_claims_B,25,0.243385,
BLS,multiple,create_selective_disclosure_A,25,6.241148,
BLS,multiple,create_selective_disclosure_B,25,0.818939,
BLS,multiple,revealed_claims_A_size,25,0,revealedClaims_IssuerA_claimsA_issued_credential.json=8105
BLS,multiple,revealed_claims_B_size,25,0,revealedClaims_IssuerB_claimsB_issued_credential.json=5133
BLS,multiple,verify_single_A,25,4.461892,
BLS,multiple,verify_single_B,25,0.638085,
BLS,multiple,create_presentation,25,0.196397,
BLS,multiple,aggregated_presentation_size,25,0,aggregatedClaimsAndSignatures.json=13669
BLS,multiple,verify_multiple,25,0.320477,
Falcon,multiple,keygen_A,25,0.612774,
Falcon,multiple,keygen_B,25,0.460901,
Falcon,multiple,private_key_A_size,25,0,IssuerA_falcon_privateKey.json=2607
Falcon,multiple,public_key_A_size,25,0,IssuerA_falcon_publicKey.json=1838
Falcon,multiple,private_key_B_size,25,0,IssuerB_falcon_privateKey.json=2607
Falcon,multiple,public_key_B_size,25,0,IssuerB_falcon_publicKey.json=1838
Falcon,multiple,create_credential_A_and_sign_root,25,0.308908,
Falcon,multiple,create_credential_B_and_sign_root,25,0.306685,
Falcon,multiple,credential_A_size,25,0,IssuerA_claimsA_issued_credential.json=306
Falcon,multiple,credential_B_size,25,0,IssuerB_claimsB_issued_credential.json=306
Falcon,multiple,signature_A_file_size,25,0,IssuerA_claimsA_signature.json=1460
Falcon,multiple,signature_B_file_size,25,0,IssuerB_claimsB_signature.json=1460
Falcon,multiple,create_required_claims_A,25,0.247758,
Falcon,multiple,create_required_claims_B,25,0.246994,
Falcon,multiple,create_selective_disclosure_A,25,6.121901,
Falcon,multiple,create_selective_disclosure_B,25,0.716737,
Falcon,multiple,revealed_claims_A_size,25,0,revealedClaims_IssuerA_claimsA_issued_credential.json=8106
Falcon,multiple,revealed_claims_B_size,25,0,revealedClaims_IssuerB_claimsB_issued_credential.json=5131
Falcon,multiple,verify_single_A,25,4.360883,
Falcon,multiple,verify_single_B,25,0.610915,
Falcon,multiple,create_presentation,25,0.193699,
Falcon,multiple,aggregated_presentation_size,25,0,aggregatedClaimsAndSignatures.json=16311
Falcon,multiple,verify_multiple,25,0.295816,
BLS,single,keygen,26,0.197136,
BLS,single,private_key_size,26,0,IssuerA_privateKey.json=109
BLS,single,public_key_size,26,0,IssuerA_publicKey.json=140
BLS,single,create_credential_and_sign_root,26,0.306557,
BLS,single,credential_size,26,0,IssuerA_claimsA_issued_credential.json=305
BLS,single,signature_file_size,26,0,IssuerA_claimsA_signature.json=320
BLS,single,create_required_claims,26,0.242961,
BLS,single,create_selective_disclosure,26,6.068732,
BLS,single,revealed_claims_size,26,0,revealedClaims_IssuerA_claimsA_issued_credential.json=8104
BLS,single,verify_single,26,4.353515,
Falcon,single,keygen,26,0.490327,
Falcon,single,private_key_size,26,0,IssuerA_falcon_privateKey.json=2607
Falcon,single,public_key_size,26,0,IssuerA_falcon_publicKey.json=1838
Falcon,single,create_credential_and_sign_root,26,0.300207,
Falcon,single,credential_size,26,0,IssuerA_claimsA_issued_credential.json=306
Falcon,single,signature_file_size,26,0,IssuerA_claimsA_signature.json=1460
Falcon,single,create_required_claims,26,0.241001,
Falcon,single,create_selective_disclosure,26,6.309285,
Falcon,single,revealed_claims_size,26,0,revealedClaims_IssuerA_claimsA_issued_credential.json=8106
Falcon,single,verify_single,26,4.381053,
BLS,multiple,keygen_A,26,0.199528,
BLS,multiple,keygen_B,26,0.205742,
BLS,multiple,private_key_A_size,26,0,IssuerA_privateKey.json=109
BLS,multiple,public_key_A_size,26,0,IssuerA_publicKey.json=140
BLS,multiple,private_key_B_size,26,0,IssuerB_privateKey.json=109
BLS,multiple,public_key_B_size,26,0,IssuerB_publicKey.json=140
BLS,multiple,create_credential_A_and_sign_root,26,0.309199,
BLS,multiple,create_credential_B_and_sign_root,26,0.468060,
BLS,multiple,credential_A_size,26,0,IssuerA_claimsA_issued_credential.json=306
BLS,multiple,credential_B_size,26,0,IssuerB_claimsB_issued_credential.json=307
BLS,multiple,signature_A_file_size,26,0,IssuerA_claimsA_signature.json=320
BLS,multiple,signature_B_file_size,26,0,IssuerB_claimsB_signature.json=320
BLS,multiple,create_required_claims_A,26,0.268669,
BLS,multiple,create_required_claims_B,26,0.240156,
BLS,multiple,create_selective_disclosure_A,26,6.108045,
BLS,multiple,create_selective_disclosure_B,26,0.696679,
BLS,multiple,revealed_claims_A_size,26,0,revealedClaims_IssuerA_claimsA_issued_credential.json=8106
BLS,multiple,revealed_claims_B_size,26,0,revealedClaims_IssuerB_claimsB_issued_credential.json=5133
BLS,multiple,verify_single_A,26,4.391831,
BLS,multiple,verify_single_B,26,0.620817,
BLS,multiple,create_presentation,26,0.193081,
BLS,multiple,aggregated_presentation_size,26,0,aggregatedClaimsAndSignatures.json=13670
BLS,multiple,verify_multiple,26,0.317735,
Falcon,multiple,keygen_A,26,0.633557,
Falcon,multiple,keygen_B,26,0.664354,
Falcon,multiple,private_key_A_size,26,0,IssuerA_falcon_privateKey.json=2607
Falcon,multiple,public_key_A_size,26,0,IssuerA_falcon_publicKey.json=1838
Falcon,multiple,private_key_B_size,26,0,IssuerB_falcon_privateKey.json=2607
Falcon,multiple,public_key_B_size,26,0,IssuerB_falcon_publicKey.json=1838
Falcon,multiple,create_credential_A_and_sign_root,26,0.302914,
Falcon,multiple,create_credential_B_and_sign_root,26,0.302822,
Falcon,multiple,credential_A_size,26,0,IssuerA_claimsA_issued_credential.json=306
Falcon,multiple,credential_B_size,26,0,IssuerB_claimsB_issued_credential.json=306
Falcon,multiple,signature_A_file_size,26,0,IssuerA_claimsA_signature.json=1460
Falcon,multiple,signature_B_file_size,26,0,IssuerB_claimsB_signature.json=1460
Falcon,multiple,create_required_claims_A,26,0.237847,
Falcon,multiple,create_required_claims_B,26,0.239533,
Falcon,multiple,create_selective_disclosure_A,26,6.150214,
Falcon,multiple,create_selective_disclosure_B,26,0.695661,
Falcon,multiple,revealed_claims_A_size,26,0,revealedClaims_IssuerA_claimsA_issued_credential.json=8105
Falcon,multiple,revealed_claims_B_size,26,0,revealedClaims_IssuerB_claimsB_issued_credential.json=5132
Falcon,multiple,verify_single_A,26,4.393874,
Falcon,multiple,verify_single_B,26,0.625026,
Falcon,multiple,create_presentation,26,0.190493,
Falcon,multiple,aggregated_presentation_size,26,0,aggregatedClaimsAndSignatures.json=16311
Falcon,multiple,verify_multiple,26,0.302567,
BLS,single,keygen,27,0.198097,
BLS,single,private_key_size,27,0,IssuerA_privateKey.json=109
BLS,single,public_key_size,27,0,IssuerA_publicKey.json=140
BLS,single,create_credential_and_sign_root,27,0.323600,
BLS,single,credential_size,27,0,IssuerA_claimsA_issued_credential.json=307
BLS,single,signature_file_size,27,0,IssuerA_claimsA_signature.json=320
BLS,single,create_required_claims,27,0.247576,
BLS,single,create_selective_disclosure,27,6.228993,
BLS,single,revealed_claims_size,27,0,revealedClaims_IssuerA_claimsA_issued_credential.json=8108
BLS,single,verify_single,27,4.507361,
Falcon,single,keygen,27,0.615586,
Falcon,single,private_key_size,27,0,IssuerA_falcon_privateKey.json=2607
Falcon,single,public_key_size,27,0,IssuerA_falcon_publicKey.json=1838
Falcon,single,create_credential_and_sign_root,27,0.310753,
Falcon,single,credential_size,27,0,IssuerA_claimsA_issued_credential.json=307
Falcon,single,signature_file_size,27,0,IssuerA_claimsA_signature.json=1460
Falcon,single,create_required_claims,27,0.254537,
Falcon,single,create_selective_disclosure,27,6.044361,
Falcon,single,revealed_claims_size,27,0,revealedClaims_IssuerA_claimsA_issued_credential.json=8108
Falcon,single,verify_single,27,4.365985,
BLS,multiple,keygen_A,27,0.199044,
BLS,multiple,keygen_B,27,0.202508,
BLS,multiple,private_key_A_size,27,0,IssuerA_privateKey.json=109
BLS,multiple,public_key_A_size,27,0,IssuerA_publicKey.json=140
BLS,multiple,private_key_B_size,27,0,IssuerB_privateKey.json=109
BLS,multiple,public_key_B_size,27,0,IssuerB_publicKey.json=140
BLS,multiple,create_credential_A_and_sign_root,27,0.309957,
BLS,multiple,create_credential_B_and_sign_root,27,0.319413,
BLS,multiple,credential_A_size,27,0,IssuerA_claimsA_issued_credential.json=306
BLS,multiple,credential_B_size,27,0,IssuerB_claimsB_issued_credential.json=305
BLS,multiple,signature_A_file_size,27,0,IssuerA_claimsA_signature.json=320
BLS,multiple,signature_B_file_size,27,0,IssuerB_claimsB_signature.json=320
BLS,multiple,create_required_claims_A,27,0.245843,
BLS,multiple,create_required_claims_B,27,0.241827,
BLS,multiple,create_selective_disclosure_A,27,6.179865,
BLS,multiple,create_selective_disclosure_B,27,0.849738,
BLS,multiple,revealed_claims_A_size,27,0,revealedClaims_IssuerA_claimsA_issued_credential.json=8106
BLS,multiple,revealed_claims_B_size,27,0,revealedClaims_IssuerB_claimsB_issued_credential.json=5131
BLS,multiple,verify_single_A,27,4.374207,
BLS,multiple,verify_single_B,27,0.639780,
BLS,multiple,create_presentation,27,0.199030,
BLS,multiple,aggregated_presentation_size,27,0,aggregatedClaimsAndSignatures.json=13668
BLS,multiple,verify_multiple,27,0.322447,
Falcon,multiple,keygen_A,27,0.609288,
Falcon,multiple,keygen_B,27,0.621617,
Falcon,multiple,private_key_A_size,27,0,IssuerA_falcon_privateKey.json=2607
Falcon,multiple,public_key_A_size,27,0,IssuerA_falcon_publicKey.json=1838
Falcon,multiple,private_key_B_size,27,0,IssuerB_falcon_privateKey.json=2607
Falcon,multiple,public_key_B_size,27,0,IssuerB_falcon_publicKey.json=1838
Falcon,multiple,create_credential_A_and_sign_root,27,0.301761,
Falcon,multiple,create_credential_B_and_sign_root,27,0.301190,
Falcon,multiple,credential_A_size,27,0,IssuerA_claimsA_issued_credential.json=306
Falcon,multiple,credential_B_size,27,0,IssuerB_claimsB_issued_credential.json=306
Falcon,multiple,signature_A_file_size,27,0,IssuerA_claimsA_signature.json=1460
Falcon,multiple,signature_B_file_size,27,0,IssuerB_claimsB_signature.json=1460
Falcon,multiple,create_required_claims_A,27,0.243793,
Falcon,multiple,create_required_claims_B,27,0.256511,
Falcon,multiple,create_selective_disclosure_A,27,6.108969,
Falcon,multiple,create_selective_disclosure_B,27,0.689632,
Falcon,multiple,revealed_claims_A_size,27,0,revealedClaims_IssuerA_claimsA_issued_credential.json=8106
Falcon,multiple,revealed_claims_B_size,27,0,revealedClaims_IssuerB_claimsB_issued_credential.json=5130
Falcon,multiple,verify_single_A,27,4.536843,
Falcon,multiple,verify_single_B,27,0.638712,
Falcon,multiple,create_presentation,27,0.195669,
Falcon,multiple,aggregated_presentation_size,27,0,aggregatedClaimsAndSignatures.json=16310
Falcon,multiple,verify_multiple,27,0.294343,
BLS,single,keygen,28,0.194028,
BLS,single,private_key_size,28,0,IssuerA_privateKey.json=109
BLS,single,public_key_size,28,0,IssuerA_publicKey.json=140
BLS,single,create_credential_and_sign_root,28,0.312308,
BLS,single,credential_size,28,0,IssuerA_claimsA_issued_credential.json=306
BLS,single,signature_file_size,28,0,IssuerA_claimsA_signature.json=320
BLS,single,create_required_claims,28,0.238557,
BLS,single,create_selective_disclosure,28,6.048999,
BLS,single,revealed_claims_size,28,0,revealedClaims_IssuerA_claimsA_issued_credential.json=8105
BLS,single,verify_single,28,4.391729,
Falcon,single,keygen,28,0.595828,
Falcon,single,private_key_size,28,0,IssuerA_falcon_privateKey.json=2607
Falcon,single,public_key_size,28,0,IssuerA_falcon_publicKey.json=1838
Falcon,single,create_credential_and_sign_root,28,0.302484,
Falcon,single,credential_size,28,0,IssuerA_claimsA_issued_credential.json=306
Falcon,single,signature_file_size,28,0,IssuerA_claimsA_signature.json=1460
Falcon,single,create_required_claims,28,0.241042,
Falcon,single,create_selective_disclosure,28,6.072223,
Falcon,single,revealed_claims_size,28,0,revealedClaims_IssuerA_claimsA_issued_credential.json=8106
Falcon,single,verify_single,28,4.334213,
BLS,multiple,keygen_A,28,0.195008,
BLS,multiple,keygen_B,28,0.193576,
BLS,multiple,private_key_A_size,28,0,IssuerA_privateKey.json=109
BLS,multiple,public_key_A_size,28,0,IssuerA_publicKey.json=140
BLS,multiple,private_key_B_size,28,0,IssuerB_privateKey.json=109
BLS,multiple,public_key_B_size,28,0,IssuerB_publicKey.json=140
BLS,multiple,create_credential_A_and_sign_root,28,0.309514,
BLS,multiple,create_credential_B_and_sign_root,28,0.303767,
BLS,multiple,credential_A_size,28,0,IssuerA_claimsA_issued_credential.json=306
BLS,multiple,credential_B_size,28,0,IssuerB_claimsB_issued_credential.json=306
BLS,multiple,signature_A_file_size,28,0,IssuerA_claimsA_signature.json=320
BLS,multiple,signature_B_file_size,28,0,IssuerB_claimsB_signature.json=320
BLS,multiple,create_required_claims_A,28,0.244026,
BLS,multiple,create_required_claims_B,28,0.242178,
BLS,multiple,create_selective_disclosure_A,28,6.168709,
BLS,multiple,create_selective_disclosure_B,28,0.708007,
BLS,multiple,revealed_claims_A_size,28,0,revealedClaims_IssuerA_claimsA_issued_credential.json=8106
BLS,multiple,revealed_claims_B_size,28,0,revealedClaims_IssuerB_claimsB_issued_credential.json=5131
BLS,multiple,verify_single_A,28,4.377830,
BLS,multiple,verify_single_B,28,0.628374,
BLS,multiple,create_presentation,28,0.194035,
BLS,multiple,aggregated_presentation_size,28,0,aggregatedClaimsAndSignatures.json=13668
BLS,multiple,verify_multiple,28,0.337273,
Falcon,multiple,keygen_A,28,0.650679,
Falcon,multiple,keygen_B,28,0.669805,
Falcon,multiple,private_key_A_size,28,0,IssuerA_falcon_privateKey.json=2607
Falcon,multiple,public_key_A_size,28,0,IssuerA_falcon_publicKey.json=1838
Falcon,multiple,private_key_B_size,28,0,IssuerB_falcon_privateKey.json=2607
Falcon,multiple,public_key_B_size,28,0,IssuerB_falcon_publicKey.json=1838
Falcon,multiple,create_credential_A_and_sign_root,28,0.315966,
Falcon,multiple,create_credential_B_and_sign_root,28,0.314758,
Falcon,multiple,credential_A_size,28,0,IssuerA_claimsA_issued_credential.json=306
Falcon,multiple,credential_B_size,28,0,IssuerB_claimsB_issued_credential.json=306
Falcon,multiple,signature_A_file_size,28,0,IssuerA_claimsA_signature.json=1460
Falcon,multiple,signature_B_file_size,28,0,IssuerB_claimsB_signature.json=1460
Falcon,multiple,create_required_claims_A,28,0.238413,
Falcon,multiple,create_required_claims_B,28,0.242113,
Falcon,multiple,create_selective_disclosure_A,28,6.098744,
Falcon,multiple,create_selective_disclosure_B,28,0.812680,
Falcon,multiple,revealed_claims_A_size,28,0,revealedClaims_IssuerA_claimsA_issued_credential.json=8104
Falcon,multiple,revealed_claims_B_size,28,0,revealedClaims_IssuerB_claimsB_issued_credential.json=5132
Falcon,multiple,verify_single_A,28,4.371872,
Falcon,multiple,verify_single_B,28,0.616058,
Falcon,multiple,create_presentation,28,0.192948,
Falcon,multiple,aggregated_presentation_size,28,0,aggregatedClaimsAndSignatures.json=16310
Falcon,multiple,verify_multiple,28,0.304335,
BLS,single,keygen,29,0.195955,
BLS,single,private_key_size,29,0,IssuerA_privateKey.json=109
BLS,single,public_key_size,29,0,IssuerA_publicKey.json=140
BLS,single,create_credential_and_sign_root,29,0.311586,
BLS,single,credential_size,29,0,IssuerA_claimsA_issued_credential.json=306
BLS,single,signature_file_size,29,0,IssuerA_claimsA_signature.json=320
BLS,single,create_required_claims,29,0.242702,
BLS,single,create_selective_disclosure,29,6.174363,
BLS,single,revealed_claims_size,29,0,revealedClaims_IssuerA_claimsA_issued_credential.json=8106
BLS,single,verify_single,29,4.475929,
Falcon,single,keygen,29,0.647596,
Falcon,single,private_key_size,29,0,IssuerA_falcon_privateKey.json=2607
Falcon,single,public_key_size,29,0,IssuerA_falcon_publicKey.json=1838
Falcon,single,create_credential_and_sign_root,29,0.308189,
Falcon,single,credential_size,29,0,IssuerA_claimsA_issued_credential.json=306
Falcon,single,signature_file_size,29,0,IssuerA_claimsA_signature.json=1460
Falcon,single,create_required_claims,29,0.247297,
Falcon,single,create_selective_disclosure,29,6.051355,
Falcon,single,revealed_claims_size,29,0,revealedClaims_IssuerA_claimsA_issued_credential.json=8104
Falcon,single,verify_single,29,4.339205,
BLS,multiple,keygen_A,29,0.193611,
BLS,multiple,keygen_B,29,0.196118,
BLS,multiple,private_key_A_size,29,0,IssuerA_privateKey.json=109
BLS,multiple,public_key_A_size,29,0,IssuerA_publicKey.json=140
BLS,multiple,private_key_B_size,29,0,IssuerB_privateKey.json=109
BLS,multiple,public_key_B_size,29,0,IssuerB_publicKey.json=140
BLS,multiple,create_credential_A_and_sign_root,29,0.312054,
BLS,multiple,create_credential_B_and_sign_root,29,0.302185,
BLS,multiple,credential_A_size,29,0,IssuerA_claimsA_issued_credential.json=306
BLS,multiple,credential_B_size,29,0,IssuerB_claimsB_issued_credential.json=306
BLS,multiple,signature_A_file_size,29,0,IssuerA_claimsA_signature.json=320
BLS,multiple,signature_B_file_size,29,0,IssuerB_claimsB_signature.json=320
BLS,multiple,create_required_claims_A,29,0.254934,
BLS,multiple,create_required_claims_B,29,0.244631,
BLS,multiple,create_selective_disclosure_A,29,6.141666,
BLS,multiple,create_selective_disclosure_B,29,0.727623,
BLS,multiple,revealed_claims_A_size,29,0,revealedClaims_IssuerA_claimsA_issued_credential.json=8105
BLS,multiple,revealed_claims_B_size,29,0,revealedClaims_IssuerB_claimsB_issued_credential.json=5132
BLS,multiple,verify_single_A,29,4.387935,
BLS,multiple,verify_single_B,29,0.657880,
BLS,multiple,create_presentation,29,0.193428,
BLS,multiple,aggregated_presentation_size,29,0,aggregatedClaimsAndSignatures.json=13668
BLS,multiple,verify_multiple,29,0.325484,
Falcon,multiple,keygen_A,29,0.604829,
Falcon,multiple,keygen_B,29,0.620528,
Falcon,multiple,private_key_A_size,29,0,IssuerA_falcon_privateKey.json=2607
Falcon,multiple,public_key_A_size,29,0,IssuerA_falcon_publicKey.json=1838
Falcon,multiple,private_key_B_size,29,0,IssuerB_falcon_privateKey.json=2607
Falcon,multiple,public_key_B_size,29,0,IssuerB_falcon_publicKey.json=1838
Falcon,multiple,create_credential_A_and_sign_root,29,0.301902,
Falcon,multiple,create_credential_B_and_sign_root,29,0.308433,
Falcon,multiple,credential_A_size,29,0,IssuerA_claimsA_issued_credential.json=306
Falcon,multiple,credential_B_size,29,0,IssuerB_claimsB_issued_credential.json=306
Falcon,multiple,signature_A_file_size,29,0,IssuerA_claimsA_signature.json=1460
Falcon,multiple,signature_B_file_size,29,0,IssuerB_claimsB_signature.json=1460
Falcon,multiple,create_required_claims_A,29,0.243693,
Falcon,multiple,create_required_claims_B,29,0.326556,
Falcon,multiple,create_selective_disclosure_A,29,6.324903,
Falcon,multiple,create_selective_disclosure_B,29,0.705721,
Falcon,multiple,revealed_claims_A_size,29,0,revealedClaims_IssuerA_claimsA_issued_credential.json=8104
Falcon,multiple,revealed_claims_B_size,29,0,revealedClaims_IssuerB_claimsB_issued_credential.json=5132
Falcon,multiple,verify_single_A,29,4.423186,
Falcon,multiple,verify_single_B,29,0.629579,
Falcon,multiple,create_presentation,29,0.192318,
Falcon,multiple,aggregated_presentation_size,29,0,aggregatedClaimsAndSignatures.json=16310
Falcon,multiple,verify_multiple,29,0.299344,
BLS,single,keygen,30,0.195027,
BLS,single,private_key_size,30,0,IssuerA_privateKey.json=109
BLS,single,public_key_size,30,0,IssuerA_publicKey.json=140
BLS,single,create_credential_and_sign_root,30,0.303526,
BLS,single,credential_size,30,0,IssuerA_claimsA_issued_credential.json=306
BLS,single,signature_file_size,30,0,IssuerA_claimsA_signature.json=320
BLS,single,create_required_claims,30,0.244325,
BLS,single,create_selective_disclosure,30,6.089466,
BLS,single,revealed_claims_size,30,0,revealedClaims_IssuerA_claimsA_issued_credential.json=8106
BLS,single,verify_single,30,4.366855,
Falcon,single,keygen,30,0.628817,
Falcon,single,private_key_size,30,0,IssuerA_falcon_privateKey.json=2607
Falcon,single,public_key_size,30,0,IssuerA_falcon_publicKey.json=1838
Falcon,single,create_credential_and_sign_root,30,0.316870,
Falcon,single,credential_size,30,0,IssuerA_claimsA_issued_credential.json=307
Falcon,single,signature_file_size,30,0,IssuerA_claimsA_signature.json=1460
Falcon,single,create_required_claims,30,0.253643,
Falcon,single,create_selective_disclosure,30,6.143355,
Falcon,single,revealed_claims_size,30,0,revealedClaims_IssuerA_claimsA_issued_credential.json=8108
Falcon,single,verify_single,30,4.421594,
BLS,multiple,keygen_A,30,0.213791,
BLS,multiple,keygen_B,30,0.196872,
BLS,multiple,private_key_A_size,30,0,IssuerA_privateKey.json=109
BLS,multiple,public_key_A_size,30,0,IssuerA_publicKey.json=140
BLS,multiple,private_key_B_size,30,0,IssuerB_privateKey.json=109
BLS,multiple,public_key_B_size,30,0,IssuerB_publicKey.json=140
BLS,multiple,create_credential_A_and_sign_root,30,0.314511,
BLS,multiple,create_credential_B_and_sign_root,30,0.307497,
BLS,multiple,credential_A_size,30,0,IssuerA_claimsA_issued_credential.json=306
BLS,multiple,credential_B_size,30,0,IssuerB_claimsB_issued_credential.json=306
BLS,multiple,signature_A_file_size,30,0,IssuerA_claimsA_signature.json=320
BLS,multiple,signature_B_file_size,30,0,IssuerB_claimsB_signature.json=320
BLS,multiple,create_required_claims_A,30,0.238762,
BLS,multiple,create_required_claims_B,30,0.242986,
BLS,multiple,create_selective_disclosure_A,30,6.108083,
BLS,multiple,create_selective_disclosure_B,30,0.713884,
BLS,multiple,revealed_claims_A_size,30,0,revealedClaims_IssuerA_claimsA_issued_credential.json=8104
BLS,multiple,revealed_claims_B_size,30,0,revealedClaims_IssuerB_claimsB_issued_credential.json=5132
BLS,multiple,verify_single_A,30,4.360252,
BLS,multiple,verify_single_B,30,0.620214,
BLS,multiple,create_presentation,30,0.195968,
BLS,multiple,aggregated_presentation_size,30,0,aggregatedClaimsAndSignatures.json=13667
BLS,multiple,verify_multiple,30,0.328210,
Falcon,multiple,keygen_A,30,0.600962,
Falcon,multiple,keygen_B,30,0.621222,
Falcon,multiple,private_key_A_size,30,0,IssuerA_falcon_privateKey.json=2607
Falcon,multiple,public_key_A_size,30,0,IssuerA_falcon_publicKey.json=1838
Falcon,multiple,private_key_B_size,30,0,IssuerB_falcon_privateKey.json=2607
Falcon,multiple,public_key_B_size,30,0,IssuerB_falcon_publicKey.json=1838
Falcon,multiple,create_credential_A_and_sign_root,30,0.304547,
Falcon,multiple,create_credential_B_and_sign_root,30,0.299552,
Falcon,multiple,credential_A_size,30,0,IssuerA_claimsA_issued_credential.json=306
Falcon,multiple,credential_B_size,30,0,IssuerB_claimsB_issued_credential.json=306
Falcon,multiple,signature_A_file_size,30,0,IssuerA_claimsA_signature.json=1460
Falcon,multiple,signature_B_file_size,30,0,IssuerB_claimsB_signature.json=1460
Falcon,multiple,create_required_claims_A,30,0.246870,
Falcon,multiple,create_required_claims_B,30,0.240984,
Falcon,multiple,create_selective_disclosure_A,30,6.354797,
Falcon,multiple,create_selective_disclosure_B,30,0.699313,
Falcon,multiple,revealed_claims_A_size,30,0,revealedClaims_IssuerA_claimsA_issued_credential.json=8104
Falcon,multiple,revealed_claims_B_size,30,0,revealedClaims_IssuerB_claimsB_issued_credential.json=5130
Falcon,multiple,verify_single_A,30,4.404316,
Falcon,multiple,verify_single_B,30,0.640757,
Falcon,multiple,create_presentation,30,0.244216,
Falcon,multiple,aggregated_presentation_size,30,0,aggregatedClaimsAndSignatures.json=16308
Falcon,multiple,verify_multiple,30,0.314111,
BLS,single,keygen,31,0.202693,
BLS,single,private_key_size,31,0,IssuerA_privateKey.json=109
BLS,single,public_key_size,31,0,IssuerA_publicKey.json=140
BLS,single,create_credential_and_sign_root,31,0.332454,
BLS,single,credential_size,31,0,IssuerA_claimsA_issued_credential.json=306
BLS,single,signature_file_size,31,0,IssuerA_claimsA_signature.json=320
BLS,single,create_required_claims,31,0.243644,
BLS,single,create_selective_disclosure,31,6.107634,
BLS,single,revealed_claims_size,31,0,revealedClaims_IssuerA_claimsA_issued_credential.json=8106
BLS,single,verify_single,31,4.376805,
Falcon,single,keygen,31,0.709678,
Falcon,single,private_key_size,31,0,IssuerA_falcon_privateKey.json=2607
Falcon,single,public_key_size,31,0,IssuerA_falcon_publicKey.json=1838
Falcon,single,create_credential_and_sign_root,31,0.302239,
Falcon,single,credential_size,31,0,IssuerA_claimsA_issued_credential.json=307
Falcon,single,signature_file_size,31,0,IssuerA_claimsA_signature.json=1460
Falcon,single,create_required_claims,31,0.244483,
Falcon,single,create_selective_disclosure,31,6.134373,
Falcon,single,revealed_claims_size,31,0,revealedClaims_IssuerA_claimsA_issued_credential.json=8107
Falcon,single,verify_single,31,4.403894,
BLS,multiple,keygen_A,31,0.196907,
BLS,multiple,keygen_B,31,0.194867,
BLS,multiple,private_key_A_size,31,0,IssuerA_privateKey.json=109
BLS,multiple,public_key_A_size,31,0,IssuerA_publicKey.json=140
BLS,multiple,private_key_B_size,31,0,IssuerB_privateKey.json=109
BLS,multiple,public_key_B_size,31,0,IssuerB_publicKey.json=140
BLS,multiple,create_credential_A_and_sign_root,31,0.308559,
BLS,multiple,create_credential_B_and_sign_root,31,0.306866,
BLS,multiple,credential_A_size,31,0,IssuerA_claimsA_issued_credential.json=306
BLS,multiple,credential_B_size,31,0,IssuerB_claimsB_issued_credential.json=307
BLS,multiple,signature_A_file_size,31,0,IssuerA_claimsA_signature.json=320
BLS,multiple,signature_B_file_size,31,0,IssuerB_claimsB_signature.json=320
BLS,multiple,create_required_claims_A,31,0.241689,
BLS,multiple,create_required_claims_B,31,0.287722,
BLS,multiple,create_selective_disclosure_A,31,6.069176,
BLS,multiple,create_selective_disclosure_B,31,0.691014,
BLS,multiple,revealed_claims_A_size,31,0,revealedClaims_IssuerA_claimsA_issued_credential.json=8106
BLS,multiple,revealed_claims_B_size,31,0,revealedClaims_IssuerB_claimsB_issued_credential.json=5132
BLS,multiple,verify_single_A,31,4.367198,
BLS,multiple,verify_single_B,31,0.619827,
BLS,multiple,create_presentation,31,0.190606,
BLS,multiple,aggregated_presentation_size,31,0,aggregatedClaimsAndSignatures.json=13669
BLS,multiple,verify_multiple,31,0.318161,
Falcon,multiple,keygen_A,31,0.408715,
Falcon,multiple,keygen_B,31,0.621900,
Falcon,multiple,private_key_A_size,31,0,IssuerA_falcon_privateKey.json=2607
Falcon,multiple,public_key_A_size,31,0,IssuerA_falcon_publicKey.json=1838
Falcon,multiple,private_key_B_size,31,0,IssuerB_falcon_privateKey.json=2607
Falcon,multiple,public_key_B_size,31,0,IssuerB_falcon_publicKey.json=1838
Falcon,multiple,create_credential_A_and_sign_root,31,0.306321,
Falcon,multiple,create_credential_B_and_sign_root,31,0.301366,
Falcon,multiple,credential_A_size,31,0,IssuerA_claimsA_issued_credential.json=306
Falcon,multiple,credential_B_size,31,0,IssuerB_claimsB_issued_credential.json=306
Falcon,multiple,signature_A_file_size,31,0,IssuerA_claimsA_signature.json=1460
Falcon,multiple,signature_B_file_size,31,0,IssuerB_claimsB_signature.json=1460
Falcon,multiple,create_required_claims_A,31,0.244779,
Falcon,multiple,create_required_claims_B,31,0.240472,
Falcon,multiple,create_selective_disclosure_A,31,6.113205,
Falcon,multiple,create_selective_disclosure_B,31,0.707624,
Falcon,multiple,revealed_claims_A_size,31,0,revealedClaims_IssuerA_claimsA_issued_credential.json=8106
Falcon,multiple,revealed_claims_B_size,31,0,revealedClaims_IssuerB_claimsB_issued_credential.json=5132
Falcon,multiple,verify_single_A,31,4.587897,
Falcon,multiple,verify_single_B,31,0.633107,
Falcon,multiple,create_presentation,31,0.198962,
Falcon,multiple,aggregated_presentation_size,31,0,aggregatedClaimsAndSignatures.json=16312
Falcon,multiple,verify_multiple,31,0.303902,
BLS,single,keygen,32,0.197479,
BLS,single,private_key_size,32,0,IssuerA_privateKey.json=109
BLS,single,public_key_size,32,0,IssuerA_publicKey.json=140
BLS,single,create_credential_and_sign_root,32,0.311638,
BLS,single,credential_size,32,0,IssuerA_claimsA_issued_credential.json=305
BLS,single,signature_file_size,32,0,IssuerA_claimsA_signature.json=320
BLS,single,create_required_claims,32,0.240801,
BLS,single,create_selective_disclosure,32,6.221696,
BLS,single,revealed_claims_size,32,0,revealedClaims_IssuerA_claimsA_issued_credential.json=8104
BLS,single,verify_single,32,4.404739,
Falcon,single,keygen,32,0.659954,
Falcon,single,private_key_size,32,0,IssuerA_falcon_privateKey.json=2607
Falcon,single,public_key_size,32,0,IssuerA_falcon_publicKey.json=1838
Falcon,single,create_credential_and_sign_root,32,0.308035,
Falcon,single,credential_size,32,0,IssuerA_claimsA_issued_credential.json=306
Falcon,single,signature_file_size,32,0,IssuerA_claimsA_signature.json=1460
Falcon,single,create_required_claims,32,0.242694,
Falcon,single,create_selective_disclosure,32,6.057612,
Falcon,single,revealed_claims_size,32,0,revealedClaims_IssuerA_claimsA_issued_credential.json=8106
Falcon,single,verify_single,32,4.664961,
BLS,multiple,keygen_A,32,0.210942,
BLS,multiple,keygen_B,32,0.193804,
BLS,multiple,private_key_A_size,32,0,IssuerA_privateKey.json=109
BLS,multiple,public_key_A_size,32,0,IssuerA_publicKey.json=140
BLS,multiple,private_key_B_size,32,0,IssuerB_privateKey.json=109
BLS,multiple,public_key_B_size,32,0,IssuerB_publicKey.json=140
BLS,multiple,create_credential_A_and_sign_root,32,0.313833,
BLS,multiple,create_credential_B_and_sign_root,32,0.308474,
BLS,multiple,credential_A_size,32,0,IssuerA_claimsA_issued_credential.json=305
BLS,multiple,credential_B_size,32,0,IssuerB_claimsB_issued_credential.json=306
BLS,multiple,signature_A_file_size,32,0,IssuerA_claimsA_signature.json=320
BLS,multiple,signature_B_file_size,32,0,IssuerB_claimsB_signature.json=320
BLS,multiple,create_required_claims_A,32,0.238283,
BLS,multiple,create_required_claims_B,32,0.240842,
BLS,multiple,create_selective_disclosure_A,32,6.225534,
BLS,multiple,create_selective_disclosure_B,32,0.687058,
BLS,multiple,revealed_claims_A_size,32,0,revealedClaims_IssuerA_claimsA_issued_credential.json=8103
BLS,multiple,revealed_claims_B_size,32,0,revealedClaims_IssuerB_claimsB_issued_credential.json=5132
BLS,multiple,verify_single_A,32,4.399406,
BLS,multiple,verify_single_B,32,0.623814,
BLS,multiple,create_presentation,32,0.194329,
BLS,multiple,aggregated_presentation_size,32,0,aggregatedClaimsAndSignatures.json=13666
BLS,multiple,verify_multiple,32,0.338502,
Falcon,multiple,keygen_A,32,0.648829,
Falcon,multiple,keygen_B,32,0.658539,
Falcon,multiple,private_key_A_size,32,0,IssuerA_falcon_privateKey.json=2607
Falcon,multiple,public_key_A_size,32,0,IssuerA_falcon_publicKey.json=1838
Falcon,multiple,private_key_B_size,32,0,IssuerB_falcon_privateKey.json=2607
Falcon,multiple,public_key_B_size,32,0,IssuerB_falcon_publicKey.json=1838
Falcon,multiple,create_credential_A_and_sign_root,32,0.304710,
Falcon,multiple,create_credential_B_and_sign_root,32,0.302088,
Falcon,multiple,credential_A_size,32,0,IssuerA_claimsA_issued_credential.json=305
Falcon,multiple,credential_B_size,32,0,IssuerB_claimsB_issued_credential.json=307
Falcon,multiple,signature_A_file_size,32,0,IssuerA_claimsA_signature.json=1460
Falcon,multiple,signature_B_file_size,32,0,IssuerB_claimsB_signature.json=1460
Falcon,multiple,create_required_claims_A,32,0.239629,
Falcon,multiple,create_required_claims_B,32,0.242572,
Falcon,multiple,create_selective_disclosure_A,32,6.228301,
Falcon,multiple,create_selective_disclosure_B,32,0.794598,
Falcon,multiple,revealed_claims_A_size,32,0,revealedClaims_IssuerA_claimsA_issued_credential.json=8103
Falcon,multiple,revealed_claims_B_size,32,0,revealedClaims_IssuerB_claimsB_issued_credential.json=5132
Falcon,multiple,verify_single_A,32,4.336704,
Falcon,multiple,verify_single_B,32,0.632397,
Falcon,multiple,create_presentation,32,0.192284,
Falcon,multiple,aggregated_presentation_size,32,0,aggregatedClaimsAndSignatures.json=16309
Falcon,multiple,verify_multiple,32,0.299849,
BLS,single,keygen,33,0.194678,
BLS,single,private_key_size,33,0,IssuerA_privateKey.json=109
BLS,single,public_key_size,33,0,IssuerA_publicKey.json=140
BLS,single,create_credential_and_sign_root,33,0.307319,
BLS,single,credential_size,33,0,IssuerA_claimsA_issued_credential.json=306
BLS,single,signature_file_size,33,0,IssuerA_claimsA_signature.json=320
BLS,single,create_required_claims,33,0.238883,
BLS,single,create_selective_disclosure,33,6.124239,
BLS,single,revealed_claims_size,33,0,revealedClaims_IssuerA_claimsA_issued_credential.json=8104
BLS,single,verify_single,33,4.689235,
Falcon,single,keygen,33,0.638355,
Falcon,single,private_key_size,33,0,IssuerA_falcon_privateKey.json=2607
Falcon,single,public_key_size,33,0,IssuerA_falcon_publicKey.json=1838
Falcon,single,create_credential_and_sign_root,33,0.308472,
Falcon,single,credential_size,33,0,IssuerA_claimsA_issued_credential.json=306
Falcon,single,signature_file_size,33,0,IssuerA_claimsA_signature.json=1460
Falcon,single,create_required_claims,33,0.253127,
Falcon,single,create_selective_disclosure,33,6.201489,
Falcon,single,revealed_claims_size,33,0,revealedClaims_IssuerA_claimsA_issued_credential.json=8106
Falcon,single,verify_single,33,4.380372,
BLS,multiple,keygen_A,33,0.208430,
BLS,multiple,keygen_B,33,0.198731,
BLS,multiple,private_key_A_size,33,0,IssuerA_privateKey.json=109
BLS,multiple,public_key_A_size,33,0,IssuerA_publicKey.json=140
BLS,multiple,private_key_B_size,33,0,IssuerB_privateKey.json=109
BLS,multiple,public_key_B_size,33,0,IssuerB_publicKey.json=140
BLS,multiple,create_credential_A_and_sign_root,33,0.319243,
BLS,multiple,create_credential_B_and_sign_root,33,0.305225,
BLS,multiple,credential_A_size,33,0,IssuerA_claimsA_issued_credential.json=306
BLS,multiple,credential_B_size,33,0,IssuerB_claimsB_issued_credential.json=306
BLS,multiple,signature_A_file_size,33,0,IssuerA_claimsA_signature.json=320
BLS,multiple,signature_B_file_size,33,0,IssuerB_claimsB_signature.json=320
BLS,multiple,create_required_claims_A,33,0.241617,
BLS,multiple,create_required_claims_B,33,0.244018,
BLS,multiple,create_selective_disclosure_A,33,6.144899,
BLS,multiple,create_selective_disclosure_B,33,0.800560,
BLS,multiple,revealed_claims_A_size,33,0,revealedClaims_IssuerA_claimsA_issued_credential.json=8106
BLS,multiple,revealed_claims_B_size,33,0,revealedClaims_IssuerB_claimsB_issued_credential.json=5132
BLS,multiple,verify_single_A,33,4.383501,
BLS,multiple,verify_single_B,33,0.635018,
BLS,multiple,create_presentation,33,0.193595,
BLS,multiple,aggregated_presentation_size,33,0,aggregatedClaimsAndSignatures.json=13669
BLS,multiple,verify_multiple,33,0.322659,
Falcon,multiple,keygen_A,33,0.644819,
Falcon,multiple,keygen_B,33,0.653247,
Falcon,multiple,private_key_A_size,33,0,IssuerA_falcon_privateKey.json=2607
Falcon,multiple,public_key_A_size,33,0,IssuerA_falcon_publicKey.json=1838
Falcon,multiple,private_key_B_size,33,0,IssuerB_falcon_privateKey.json=2607
Falcon,multiple,public_key_B_size,33,0,IssuerB_falcon_publicKey.json=1838
Falcon,multiple,create_credential_A_and_sign_root,33,0.304214,
Falcon,multiple,create_credential_B_and_sign_root,33,0.307581,
Falcon,multiple,credential_A_size,33,0,IssuerA_claimsA_issued_credential.json=305
Falcon,multiple,credential_B_size,33,0,IssuerB_claimsB_issued_credential.json=306
Falcon,multiple,signature_A_file_size,33,0,IssuerA_claimsA_signature.json=1460
Falcon,multiple,signature_B_file_size,33,0,IssuerB_claimsB_signature.json=1460
Falcon,multiple,create_required_claims_A,33,0.240523,
Falcon,multiple,create_required_claims_B,33,0.238561,
Falcon,multiple,create_selective_disclosure_A,33,6.058843,
Falcon,multiple,create_selective_disclosure_B,33,0.699204,
Falcon,multiple,revealed_claims_A_size,33,0,revealedClaims_IssuerA_claimsA_issued_credential.json=8100
Falcon,multiple,revealed_claims_B_size,33,0,revealedClaims_IssuerB_claimsB_issued_credential.json=5132
Falcon,multiple,verify_single_A,33,4.312153,
Falcon,multiple,verify_single_B,33,0.625963,
Falcon,multiple,create_presentation,33,0.191732,
Falcon,multiple,aggregated_presentation_size,33,0,aggregatedClaimsAndSignatures.json=16306
Falcon,multiple,verify_multiple,33,0.296219,
BLS,single,keygen,34,0.195965,
BLS,single,private_key_size,34,0,IssuerA_privateKey.json=109
BLS,single,public_key_size,34,0,IssuerA_publicKey.json=140
BLS,single,create_credential_and_sign_root,34,0.312768,
BLS,single,credential_size,34,0,IssuerA_claimsA_issued_credential.json=306
BLS,single,signature_file_size,34,0,IssuerA_claimsA_signature.json=320
BLS,single,create_required_claims,34,0.242349,
BLS,single,create_selective_disclosure,34,6.014573,
BLS,single,revealed_claims_size,34,0,revealedClaims_IssuerA_claimsA_issued_credential.json=8106
BLS,single,verify_single,34,4.474572,
Falcon,single,keygen,34,0.634771,
Falcon,single,private_key_size,34,0,IssuerA_falcon_privateKey.json=2607
Falcon,single,public_key_size,34,0,IssuerA_falcon_publicKey.json=1838
Falcon,single,create_credential_and_sign_root,34,0.302294,
Falcon,single,credential_size,34,0,IssuerA_claimsA_issued_credential.json=306
Falcon,single,signature_file_size,34,0,IssuerA_claimsA_signature.json=1460
Falcon,single,create_required_claims,34,0.240012,
Falcon,single,create_selective_disclosure,34,6.104563,
Falcon,single,revealed_claims_size,34,0,revealedClaims_IssuerA_claimsA_issued_credential.json=8105
Falcon,single,verify_single,34,4.461681,
BLS,multiple,keygen_A,34,0.207102,
BLS,multiple,keygen_B,34,0.197071,
BLS,multiple,private_key_A_size,34,0,IssuerA_privateKey.json=109
BLS,multiple,public_key_A_size,34,0,IssuerA_publicKey.json=140
BLS,multiple,private_key_B_size,34,0,IssuerB_privateKey.json=109
BLS,multiple,public_key_B_size,34,0,IssuerB_publicKey.json=140
BLS,multiple,create_credential_A_and_sign_root,34,0.324502,
BLS,multiple,create_credential_B_and_sign_root,34,0.306643,
BLS,multiple,credential_A_size,34,0,IssuerA_claimsA_issued_credential.json=307
BLS,multiple,credential_B_size,34,0,IssuerB_claimsB_issued_credential.json=306
BLS,multiple,signature_A_file_size,34,0,IssuerA_claimsA_signature.json=320
BLS,multiple,signature_B_file_size,34,0,IssuerB_claimsB_signature.json=320
BLS,multiple,create_required_claims_A,34,0.243424,
BLS,multiple,create_required_claims_B,34,0.242827,
BLS,multiple,create_selective_disclosure_A,34,6.197860,
BLS,multiple,create_selective_disclosure_B,34,0.698361,
BLS,multiple,revealed_claims_A_size,34,0,revealedClaims_IssuerA_claimsA_issued_credential.json=8108
BLS,multiple,revealed_claims_B_size,34,0,revealedClaims_IssuerB_claimsB_issued_credential.json=5132
BLS,multiple,verify_single_A,34,4.510667,
BLS,multiple,verify_single_B,34,0.640651,
BLS,multiple,create_presentation,34,0.193565,
BLS,multiple,aggregated_presentation_size,34,0,aggregatedClaimsAndSignatures.json=13671
BLS,multiple,verify_multiple,34,0.329747,
Falcon,multiple,keygen_A,34,0.670052,
Falcon,multiple,keygen_B,34,0.616719,
Falcon,multiple,private_key_A_size,34,0,IssuerA_falcon_privateKey.json=2607
Falcon,multiple,public_key_A_size,34,0,IssuerA_falcon_publicKey.json=1838
Falcon,multiple,private_key_B_size,34,0,IssuerB_falcon_privateKey.json=2607
Falcon,multiple,public_key_B_size,34,0,IssuerB_falcon_publicKey.json=1838
Falcon,multiple,create_credential_A_and_sign_root,34,0.341931,
Falcon,multiple,create_credential_B_and_sign_root,34,0.306808,
Falcon,multiple,credential_A_size,34,0,IssuerA_claimsA_issued_credential.json=306
Falcon,multiple,credential_B_size,34,0,IssuerB_claimsB_issued_credential.json=306
Falcon,multiple,signature_A_file_size,34,0,IssuerA_claimsA_signature.json=1460
Falcon,multiple,signature_B_file_size,34,0,IssuerB_claimsB_signature.json=1460
Falcon,multiple,create_required_claims_A,34,0.247255,
Falcon,multiple,create_required_claims_B,34,0.243647,
Falcon,multiple,create_selective_disclosure_A,34,6.094100,
Falcon,multiple,create_selective_disclosure_B,34,0.712861,
Falcon,multiple,revealed_claims_A_size,34,0,revealedClaims_IssuerA_claimsA_issued_credential.json=8106
Falcon,multiple,revealed_claims_B_size,34,0,revealedClaims_IssuerB_claimsB_issued_credential.json=5132
Falcon,multiple,verify_single_A,34,4.378229,
Falcon,multiple,verify_single_B,34,0.631577,
Falcon,multiple,create_presentation,34,0.190969,
Falcon,multiple,aggregated_presentation_size,34,0,aggregatedClaimsAndSignatures.json=16312
Falcon,multiple,verify_multiple,34,0.302447,
BLS,single,keygen,35,0.196186,
BLS,single,private_key_size,35,0,IssuerA_privateKey.json=109
BLS,single,public_key_size,35,0,IssuerA_publicKey.json=140
BLS,single,create_credential_and_sign_root,35,0.303601,
BLS,single,credential_size,35,0,IssuerA_claimsA_issued_credential.json=306
BLS,single,signature_file_size,35,0,IssuerA_claimsA_signature.json=320
BLS,single,create_required_claims,35,0.239702,
BLS,single,create_selective_disclosure,35,6.062487,
BLS,single,revealed_claims_size,35,0,revealedClaims_IssuerA_claimsA_issued_credential.json=8106
BLS,single,verify_single,35,4.328021,
Falcon,single,keygen,35,0.709239,
Falcon,single,private_key_size,35,0,IssuerA_falcon_privateKey.json=2607
Falcon,single,public_key_size,35,0,IssuerA_falcon_publicKey.json=1838
Falcon,single,create_credential_and_sign_root,35,0.300749,
Falcon,single,credential_size,35,0,IssuerA_claimsA_issued_credential.json=306
Falcon,single,signature_file_size,35,0,IssuerA_claimsA_signature.json=1460
Falcon,single,create_required_claims,35,0.242691,
Falcon,single,create_selective_disclosure,35,6.086989,
Falcon,single,revealed_claims_size,35,0,revealedClaims_IssuerA_claimsA_issued_credential.json=8106
Falcon,single,verify_single,35,4.445425,
BLS,multiple,keygen_A,35,0.218924,
BLS,multiple,keygen_B,35,0.198551,
BLS,multiple,private_key_A_size,35,0,IssuerA_privateKey.json=109
BLS,multiple,public_key_A_size,35,0,IssuerA_publicKey.json=140
BLS,multiple,private_key_B_size,35,0,IssuerB_privateKey.json=109
BLS,multiple,public_key_B_size,35,0,IssuerB_publicKey.json=140
BLS,multiple,create_credential_A_and_sign_root,35,0.334029,
BLS,multiple,create_credential_B_and_sign_root,35,0.307286,
BLS,multiple,credential_A_size,35,0,IssuerA_claimsA_issued_credential.json=307
BLS,multiple,credential_B_size,35,0,IssuerB_claimsB_issued_credential.json=306
BLS,multiple,signature_A_file_size,35,0,IssuerA_claimsA_signature.json=320
BLS,multiple,signature_B_file_size,35,0,IssuerB_claimsB_signature.json=320
BLS,multiple,create_required_claims_A,35,0.242234,
BLS,multiple,create_required_claims_B,35,0.246452,
BLS,multiple,create_selective_disclosure_A,35,6.235146,
BLS,multiple,create_selective_disclosure_B,35,0.712300,
BLS,multiple,revealed_claims_A_size,35,0,revealedClaims_IssuerA_claimsA_issued_credential.json=8108
BLS,multiple,revealed_claims_B_size,35,0,revealedClaims_IssuerB_claimsB_issued_credential.json=5131
BLS,multiple,verify_single_A,35,4.407801,
BLS,multiple,verify_single_B,35,0.724674,
BLS,multiple,create_presentation,35,0.205656,
BLS,multiple,aggregated_presentation_size,35,0,aggregatedClaimsAndSignatures.json=13670
BLS,multiple,verify_multiple,35,0.327618,
Falcon,multiple,keygen_A,35,0.608667,
Falcon,multiple,keygen_B,35,0.691000,
Falcon,multiple,private_key_A_size,35,0,IssuerA_falcon_privateKey.json=2607
Falcon,multiple,public_key_A_size,35,0,IssuerA_falcon_publicKey.json=1838
Falcon,multiple,private_key_B_size,35,0,IssuerB_falcon_privateKey.json=2607
Falcon,multiple,public_key_B_size,35,0,IssuerB_falcon_publicKey.json=1838
Falcon,multiple,create_credential_A_and_sign_root,35,0.308729,
Falcon,multiple,create_credential_B_and_sign_root,35,0.304702,
Falcon,multiple,credential_A_size,35,0,IssuerA_claimsA_issued_credential.json=306
Falcon,multiple,credential_B_size,35,0,IssuerB_claimsB_issued_credential.json=305
Falcon,multiple,signature_A_file_size,35,0,IssuerA_claimsA_signature.json=1460
Falcon,multiple,signature_B_file_size,35,0,IssuerB_claimsB_signature.json=1460
Falcon,multiple,create_required_claims_A,35,0.247312,
Falcon,multiple,create_required_claims_B,35,0.242936,
Falcon,multiple,create_selective_disclosure_A,35,6.155382,
Falcon,multiple,create_selective_disclosure_B,35,0.726009,
Falcon,multiple,revealed_claims_A_size,35,0,revealedClaims_IssuerA_claimsA_issued_credential.json=8105
Falcon,multiple,revealed_claims_B_size,35,0,revealedClaims_IssuerB_claimsB_issued_credential.json=5130
Falcon,multiple,verify_single_A,35,4.382205,
Falcon,multiple,verify_single_B,35,0.860962,
Falcon,multiple,create_presentation,35,0.190745,
Falcon,multiple,aggregated_presentation_size,35,0,aggregatedClaimsAndSignatures.json=16309
Falcon,multiple,verify_multiple,35,0.304565,
BLS,single,keygen,36,0.196312,
BLS,single,private_key_size,36,0,IssuerA_privateKey.json=109
BLS,single,public_key_size,36,0,IssuerA_publicKey.json=140
BLS,single,create_credential_and_sign_root,36,0.301810,
BLS,single,credential_size,36,0,IssuerA_claimsA_issued_credential.json=306
BLS,single,signature_file_size,36,0,IssuerA_claimsA_signature.json=320
BLS,single,create_required_claims,36,0.241436,
BLS,single,create_selective_disclosure,36,6.160310,
BLS,single,revealed_claims_size,36,0,revealedClaims_IssuerA_claimsA_issued_credential.json=8104
BLS,single,verify_single,36,4.375772,
Falcon,single,keygen,36,0.598127,
Falcon,single,private_key_size,36,0,IssuerA_falcon_privateKey.json=2607
Falcon,single,public_key_size,36,0,IssuerA_falcon_publicKey.json=1838
Falcon,single,create_credential_and_sign_root,36,0.304613,
Falcon,single,credential_size,36,0,IssuerA_claimsA_issued_credential.json=306
Falcon,single,signature_file_size,36,0,IssuerA_claimsA_signature.json=1460
Falcon,single,create_required_claims,36,0.241728,
Falcon,single,create_selective_disclosure,36,6.144968,
Falcon,single,revealed_claims_size,36,0,revealedClaims_IssuerA_claimsA_issued_credential.json=8106
Falcon,single,verify_single,36,4.394851,
BLS,multiple,keygen_A,36,0.193715,
BLS,multiple,keygen_B,36,0.196154,
BLS,multiple,private_key_A_size,36,0,IssuerA_privateKey.json=109
BLS,multiple,public_key_A_size,36,0,IssuerA_publicKey.json=140
BLS,multiple,private_key_B_size,36,0,IssuerB_privateKey.json=109
BLS,multiple,public_key_B_size,36,0,IssuerB_publicKey.json=140
BLS,multiple,create_credential_A_and_sign_root,36,0.304642,
BLS,multiple,create_credential_B_and_sign_root,36,0.319797,
BLS,multiple,credential_A_size,36,0,IssuerA_claimsA_issued_credential.json=306
BLS,multiple,credential_B_size,36,0,IssuerB_claimsB_issued_credential.json=307
BLS,multiple,signature_A_file_size,36,0,IssuerA_claimsA_signature.json=320
BLS,multiple,signature_B_file_size,36,0,IssuerB_claimsB_signature.json=320
BLS,multiple,create_required_claims_A,36,0.247183,
BLS,multiple,create_required_claims_B,36,0.238097,
BLS,multiple,create_selective_disclosure_A,36,6.195288,
BLS,multiple,create_selective_disclosure_B,36,0.692711,
BLS,multiple,revealed_claims_A_size,36,0,revealedClaims_IssuerA_claimsA_issued_credential.json=8106
BLS,multiple,revealed_claims_B_size,36,0,revealedClaims_IssuerB_claimsB_issued_credential.json=5132
BLS,multiple,verify_single_A,36,4.441107,
BLS,multiple,verify_single_B,36,0.629498,
BLS,multiple,create_presentation,36,0.194459,
BLS,multiple,aggregated_presentation_size,36,0,aggregatedClaimsAndSignatures.json=13669
BLS,multiple,verify_multiple,36,0.320360,
Falcon,multiple,keygen_A,36,0.653549,
Falcon,multiple,keygen_B,36,0.417939,
Falcon,multiple,private_key_A_size,36,0,IssuerA_falcon_privateKey.json=2607
Falcon,multiple,public_key_A_size,36,0,IssuerA_falcon_publicKey.json=1838
Falcon,multiple,private_key_B_size,36,0,IssuerB_falcon_privateKey.json=2607
Falcon,multiple,public_key_B_size,36,0,IssuerB_falcon_publicKey.json=1838
Falcon,multiple,create_credential_A_and_sign_root,36,0.308326,
Falcon,multiple,create_credential_B_and_sign_root,36,0.296659,
Falcon,multiple,credential_A_size,36,0,IssuerA_claimsA_issued_credential.json=306
Falcon,multiple,credential_B_size,36,0,IssuerB_claimsB_issued_credential.json=306
Falcon,multiple,signature_A_file_size,36,0,IssuerA_claimsA_signature.json=1460
Falcon,multiple,signature_B_file_size,36,0,IssuerB_claimsB_signature.json=1460
Falcon,multiple,create_required_claims_A,36,0.238419,
Falcon,multiple,create_required_claims_B,36,0.241711,
Falcon,multiple,create_selective_disclosure_A,36,6.053395,
Falcon,multiple,create_selective_disclosure_B,36,0.685470,
Falcon,multiple,revealed_claims_A_size,36,0,revealedClaims_IssuerA_claimsA_issued_credential.json=8104
Falcon,multiple,revealed_claims_B_size,36,0,revealedClaims_IssuerB_claimsB_issued_credential.json=5132
Falcon,multiple,verify_single_A,36,4.370755,
Falcon,multiple,verify_single_B,36,0.621379,
Falcon,multiple,create_presentation,36,0.190045,
Falcon,multiple,aggregated_presentation_size,36,0,aggregatedClaimsAndSignatures.json=16310
Falcon,multiple,verify_multiple,36,0.305314,
BLS,single,keygen,37,0.196513,
BLS,single,private_key_size,37,0,IssuerA_privateKey.json=109
BLS,single,public_key_size,37,0,IssuerA_publicKey.json=140
BLS,single,create_credential_and_sign_root,37,0.311004,
BLS,single,credential_size,37,0,IssuerA_claimsA_issued_credential.json=306
BLS,single,signature_file_size,37,0,IssuerA_claimsA_signature.json=320
BLS,single,create_required_claims,37,0.244129,
BLS,single,create_selective_disclosure,37,6.047611,
BLS,single,revealed_claims_size,37,0,revealedClaims_IssuerA_claimsA_issued_credential.json=8106
BLS,single,verify_single,37,4.319785,
Falcon,single,keygen,37,0.622009,
Falcon,single,private_key_size,37,0,IssuerA_falcon_privateKey.json=2607
Falcon,single,public_key_size,37,0,IssuerA_falcon_publicKey.json=1838
Falcon,single,create_credential_and_sign_root,37,0.306330,
Falcon,single,credential_size,37,0,IssuerA_claimsA_issued_credential.json=306
Falcon,single,signature_file_size,37,0,IssuerA_claimsA_signature.json=1460
Falcon,single,create_required_claims,37,0.242771,
Falcon,single,create_selective_disclosure,37,6.063897,
Falcon,single,revealed_claims_size,37,0,revealedClaims_IssuerA_claimsA_issued_credential.json=8106
Falcon,single,verify_single,37,4.482466,
BLS,multiple,keygen_A,37,0.206921,
BLS,multiple,keygen_B,37,0.195939,
BLS,multiple,private_key_A_size,37,0,IssuerA_privateKey.json=109
BLS,multiple,public_key_A_size,37,0,IssuerA_publicKey.json=140
BLS,multiple,private_key_B_size,37,0,IssuerB_privateKey.json=109
BLS,multiple,public_key_B_size,37,0,IssuerB_publicKey.json=140
BLS,multiple,create_credential_A_and_sign_root,37,0.335777,
BLS,multiple,create_credential_B_and_sign_root,37,0.316759,
BLS,multiple,credential_A_size,37,0,IssuerA_claimsA_issued_credential.json=306
BLS,multiple,credential_B_size,37,0,IssuerB_claimsB_issued_credential.json=306
BLS,multiple,signature_A_file_size,37,0,IssuerA_claimsA_signature.json=320
BLS,multiple,signature_B_file_size,37,0,IssuerB_claimsB_signature.json=320
BLS,multiple,create_required_claims_A,37,0.239634,
BLS,multiple,create_required_claims_B,37,0.240597,
BLS,multiple,create_selective_disclosure_A,37,7.704149,
BLS,multiple,create_selective_disclosure_B,37,0.696695,
BLS,multiple,revealed_claims_A_size,37,0,revealedClaims_IssuerA_claimsA_issued_credential.json=8106
BLS,multiple,revealed_claims_B_size,37,0,revealedClaims_IssuerB_claimsB_issued_credential.json=5130
BLS,multiple,verify_single_A,37,4.348866,
BLS,multiple,verify_single_B,37,0.679212,
BLS,multiple,create_presentation,37,0.196363,
BLS,multiple,aggregated_presentation_size,37,0,aggregatedClaimsAndSignatures.json=13667
BLS,multiple,verify_multiple,37,0.319663,
Falcon,multiple,keygen_A,37,0.659058,
Falcon,multiple,keygen_B,37,0.615271,
Falcon,multiple,private_key_A_size,37,0,IssuerA_falcon_privateKey.json=2607
Falcon,multiple,public_key_A_size,37,0,IssuerA_falcon_publicKey.json=1838
Falcon,multiple,private_key_B_size,37,0,IssuerB_falcon_privateKey.json=2607
Falcon,multiple,public_key_B_size,37,0,IssuerB_falcon_publicKey.json=1838
Falcon,multiple,create_credential_A_and_sign_root,37,0.353829,
Falcon,multiple,create_credential_B_and_sign_root,37,0.302584,
Falcon,multiple,credential_A_size,37,0,IssuerA_claimsA_issued_credential.json=307
Falcon,multiple,credential_B_size,37,0,IssuerB_claimsB_issued_credential.json=306
Falcon,multiple,signature_A_file_size,37,0,IssuerA_claimsA_signature.json=1460
Falcon,multiple,signature_B_file_size,37,0,IssuerB_claimsB_signature.json=1460
Falcon,multiple,create_required_claims_A,37,0.338126,
Falcon,multiple,create_required_claims_B,37,0.248122,
Falcon,multiple,create_selective_disclosure_A,37,6.108003,
Falcon,multiple,create_selective_disclosure_B,37,0.690279,
Falcon,multiple,revealed_claims_A_size,37,0,revealedClaims_IssuerA_claimsA_issued_credential.json=8108
Falcon,multiple,revealed_claims_B_size,37,0,revealedClaims_IssuerB_claimsB_issued_credential.json=5132
Falcon,multiple,verify_single_A,37,4.340765,
Falcon,multiple,verify_single_B,37,0.616484,
Falcon,multiple,create_presentation,37,0.191757,
Falcon,multiple,aggregated_presentation_size,37,0,aggregatedClaimsAndSignatures.json=16314
Falcon,multiple,verify_multiple,37,0.303150,
BLS,single,keygen,38,0.196964,
BLS,single,private_key_size,38,0,IssuerA_privateKey.json=109
BLS,single,public_key_size,38,0,IssuerA_publicKey.json=140
BLS,single,create_credential_and_sign_root,38,0.304895,
BLS,single,credential_size,38,0,IssuerA_claimsA_issued_credential.json=306
BLS,single,signature_file_size,38,0,IssuerA_claimsA_signature.json=320
BLS,single,create_required_claims,38,0.246518,
BLS,single,create_selective_disclosure,38,6.139003,
BLS,single,revealed_claims_size,38,0,revealedClaims_IssuerA_claimsA_issued_credential.json=8104
BLS,single,verify_single,38,4.371415,
Falcon,single,keygen,38,0.596561,
Falcon,single,private_key_size,38,0,IssuerA_falcon_privateKey.json=2607
Falcon,single,public_key_size,38,0,IssuerA_falcon_publicKey.json=1838
Falcon,single,create_credential_and_sign_root,38,0.299253,
Falcon,single,credential_size,38,0,IssuerA_claimsA_issued_credential.json=306
Falcon,single,signature_file_size,38,0,IssuerA_claimsA_signature.json=1460
Falcon,single,create_required_claims,38,0.243642,
Falcon,single,create_selective_disclosure,38,6.102252,
Falcon,single,revealed_claims_size,38,0,revealedClaims_IssuerA_claimsA_issued_credential.json=8105
Falcon,single,verify_single,38,4.337537,
BLS,multiple,keygen_A,38,0.192013,
BLS,multiple,keygen_B,38,0.199707,
BLS,multiple,private_key_A_size,38,0,IssuerA_privateKey.json=109
BLS,multiple,public_key_A_size,38,0,IssuerA_publicKey.json=140
BLS,multiple,private_key_B_size,38,0,IssuerB_privateKey.json=109
BLS,multiple,public_key_B_size,38,0,IssuerB_publicKey.json=140
BLS,multiple,create_credential_A_and_sign_root,38,0.312853,
BLS,multiple,create_credential_B_and_sign_root,38,0.299335,
BLS,multiple,credential_A_size,38,0,IssuerA_claimsA_issued_credential.json=305
BLS,multiple,credential_B_size,38,0,IssuerB_claimsB_issued_credential.json=306
BLS,multiple,signature_A_file_size,38,0,IssuerA_claimsA_signature.json=320
BLS,multiple,signature_B_file_size,38,0,IssuerB_claimsB_signature.json=320
BLS,multiple,create_required_claims_A,38,0.237619,
BLS,multiple,create_required_claims_B,38,0.239516,
BLS,multiple,create_selective_disclosure_A,38,6.124250,
BLS,multiple,create_selective_disclosure_B,38,0.696744,
BLS,multiple,revealed_claims_A_size,38,0,revealedClaims_IssuerA_claimsA_issued_credential.json=8104
BLS,multiple,revealed_claims_B_size,38,0,revealedClaims_IssuerB_claimsB_issued_credential.json=5131
BLS,multiple,verify_single_A,38,4.314237,
BLS,multiple,verify_single_B,38,0.637619,
BLS,multiple,create_presentation,38,0.198073,
BLS,multiple,aggregated_presentation_size,38,0,aggregatedClaimsAndSignatures.json=13666
BLS,multiple,verify_multiple,38,0.329609,
Falcon,multiple,keygen_A,38,0.636420,
Falcon,multiple,keygen_B,38,0.629820,
Falcon,multiple,private_key_A_size,38,0,IssuerA_falcon_privateKey.json=2607
Falcon,multiple,public_key_A_size,38,0,IssuerA_falcon_publicKey.json=1838
Falcon,multiple,private_key_B_size,38,0,IssuerB_falcon_privateKey.json=2607
Falcon,multiple,public_key_B_size,38,0,IssuerB_falcon_publicKey.json=1838
Falcon,multiple,create_credential_A_and_sign_root,38,0.301072,
Falcon,multiple,create_credential_B_and_sign_root,38,0.298222,
Falcon,multiple,credential_A_size,38,0,IssuerA_claimsA_issued_credential.json=307
Falcon,multiple,credential_B_size,38,0,IssuerB_claimsB_issued_credential.json=305
Falcon,multiple,signature_A_file_size,38,0,IssuerA_claimsA_signature.json=1460
Falcon,multiple,signature_B_file_size,38,0,IssuerB_claimsB_signature.json=1460
Falcon,multiple,create_required_claims_A,38,0.251446,
Falcon,multiple,create_required_claims_B,38,0.240438,
Falcon,multiple,create_selective_disclosure_A,38,6.054464,
Falcon,multiple,create_selective_disclosure_B,38,0.703028,
Falcon,multiple,revealed_claims_A_size,38,0,revealedClaims_IssuerA_claimsA_issued_credential.json=8107
Falcon,multiple,revealed_claims_B_size,38,0,revealedClaims_IssuerB_claimsB_issued_credential.json=5130
Falcon,multiple,verify_single_A,38,4.559642,
Falcon,multiple,verify_single_B,38,0.641137,
Falcon,multiple,create_presentation,38,0.199082,
Falcon,multiple,aggregated_presentation_size,38,0,aggregatedClaimsAndSignatures.json=16311
Falcon,multiple,verify_multiple,38,0.311876,
BLS,single,keygen,39,0.200866,
BLS,single,private_key_size,39,0,IssuerA_privateKey.json=109
BLS,single,public_key_size,39,0,IssuerA_publicKey.json=140
BLS,single,create_credential_and_sign_root,39,0.308862,
BLS,single,credential_size,39,0,IssuerA_claimsA_issued_credential.json=306
BLS,single,signature_file_size,39,0,IssuerA_claimsA_signature.json=320
BLS,single,create_required_claims,39,0.242580,
BLS,single,create_selective_disclosure,39,6.106327,
BLS,single,revealed_claims_size,39,0,revealedClaims_IssuerA_claimsA_issued_credential.json=8105
BLS,single,verify_single,39,4.380554,
Falcon,single,keygen,39,0.611253,
Falcon,single,private_key_size,39,0,IssuerA_falcon_privateKey.json=2607
Falcon,single,public_key_size,39,0,IssuerA_falcon_publicKey.json=1838
Falcon,single,create_credential_and_sign_root,39,0.302150,
Falcon,single,credential_size,39,0,IssuerA_claimsA_issued_credential.json=306
Falcon,single,signature_file_size,39,0,IssuerA_claimsA_signature.json=1460
Falcon,single,create_required_claims,39,0.254795,
Falcon,single,create_selective_disclosure,39,6.100421,
Falcon,single,revealed_claims_size,39,0,revealedClaims_IssuerA_claimsA_issued_credential.json=8105
Falcon,single,verify_single,39,4.382026,
BLS,multiple,keygen_A,39,0.198354,
BLS,multiple,keygen_B,39,0.212643,
BLS,multiple,private_key_A_size,39,0,IssuerA_privateKey.json=109
BLS,multiple,public_key_A_size,39,0,IssuerA_publicKey.json=140
BLS,multiple,private_key_B_size,39,0,IssuerB_privateKey.json=109
BLS,multiple,public_key_B_size,39,0,IssuerB_publicKey.json=140
BLS,multiple,create_credential_A_and_sign_root,39,0.306436,
BLS,multiple,create_credential_B_and_sign_root,39,0.329619,
BLS,multiple,credential_A_size,39,0,IssuerA_claimsA_issued_credential.json=306
BLS,multiple,credential_B_size,39,0,IssuerB_claimsB_issued_credential.json=306
BLS,multiple,signature_A_file_size,39,0,IssuerA_claimsA_signature.json=320
BLS,multiple,signature_B_file_size,39,0,IssuerB_claimsB_signature.json=320
BLS,multiple,create_required_claims_A,39,0.246065,
BLS,multiple,create_required_claims_B,39,0.249457,
BLS,multiple,create_selective_disclosure_A,39,6.078826,
BLS,multiple,create_selective_disclosure_B,39,0.685284,
BLS,multiple,revealed_claims_A_size,39,0,revealedClaims_IssuerA_claimsA_issued_credential.json=8105
BLS,multiple,revealed_claims_B_size,39,0,revealedClaims_IssuerB_claimsB_issued_credential.json=5132
BLS,multiple,verify_single_A,39,4.380021,
BLS,multiple,verify_single_B,39,0.626308,
BLS,multiple,create_presentation,39,0.192370,
BLS,multiple,aggregated_presentation_size,39,0,aggregatedClaimsAndSignatures.json=13668
BLS,multiple,verify_multiple,39,0.319671,
Falcon,multiple,keygen_A,39,0.618537,
Falcon,multiple,keygen_B,39,0.613600,
Falcon,multiple,private_key_A_size,39,0,IssuerA_falcon_privateKey.json=2607
Falcon,multiple,public_key_A_size,39,0,IssuerA_falcon_publicKey.json=1838
Falcon,multiple,private_key_B_size,39,0,IssuerB_falcon_privateKey.json=2607
Falcon,multiple,public_key_B_size,39,0,IssuerB_falcon_publicKey.json=1838
Falcon,multiple,create_credential_A_and_sign_root,39,0.304564,
Falcon,multiple,create_credential_B_and_sign_root,39,0.300992,
Falcon,multiple,credential_A_size,39,0,IssuerA_claimsA_issued_credential.json=306
Falcon,multiple,credential_B_size,39,0,IssuerB_claimsB_issued_credential.json=307
Falcon,multiple,signature_A_file_size,39,0,IssuerA_claimsA_signature.json=1460
Falcon,multiple,signature_B_file_size,39,0,IssuerB_claimsB_signature.json=1460
Falcon,multiple,create_required_claims_A,39,0.236904,
Falcon,multiple,create_required_claims_B,39,0.240927,
Falcon,multiple,create_selective_disclosure_A,39,6.085404,
Falcon,multiple,create_selective_disclosure_B,39,0.694493,
Falcon,multiple,revealed_claims_A_size,39,0,revealedClaims_IssuerA_claimsA_issued_credential.json=8106
Falcon,multiple,revealed_claims_B_size,39,0,revealedClaims_IssuerB_claimsB_issued_credential.json=5132
Falcon,multiple,verify_single_A,39,4.426437,
Falcon,multiple,verify_single_B,39,0.645171,
Falcon,multiple,create_presentation,39,0.192748,
Falcon,multiple,aggregated_presentation_size,39,0,aggregatedClaimsAndSignatures.json=16312
Falcon,multiple,verify_multiple,39,0.301061,
BLS,single,keygen,40,0.194145,
BLS,single,private_key_size,40,0,IssuerA_privateKey.json=109
BLS,single,public_key_size,40,0,IssuerA_publicKey.json=140
BLS,single,create_credential_and_sign_root,40,0.308903,
BLS,single,credential_size,40,0,IssuerA_claimsA_issued_credential.json=306
BLS,single,signature_file_size,40,0,IssuerA_claimsA_signature.json=320
BLS,single,create_required_claims,40,0.243234,
BLS,single,create_selective_disclosure,40,6.152270,
BLS,single,revealed_claims_size,40,0,revealedClaims_IssuerA_claimsA_issued_credential.json=8106
BLS,single,verify_single,40,4.379360,
Falcon,single,keygen,40,0.634254,
Falcon,single,private_key_size,40,0,IssuerA_falcon_privateKey.json=2607
Falcon,single,public_key_size,40,0,IssuerA_falcon_publicKey.json=1838
Falcon,single,create_credential_and_sign_root,40,0.308017,
Falcon,single,credential_size,40,0,IssuerA_claimsA_issued_credential.json=307
Falcon,single,signature_file_size,40,0,IssuerA_claimsA_signature.json=1460
Falcon,single,create_required_claims,40,0.243507,
Falcon,single,create_selective_disclosure,40,6.003162,
Falcon,single,revealed_claims_size,40,0,revealedClaims_IssuerA_claimsA_issued_credential.json=8107
Falcon,single,verify_single,40,4.351452,
BLS,multiple,keygen_A,40,0.203978,
BLS,multiple,keygen_B,40,0.192634,
BLS,multiple,private_key_A_size,40,0,IssuerA_privateKey.json=109
BLS,multiple,public_key_A_size,40,0,IssuerA_publicKey.json=140
BLS,multiple,private_key_B_size,40,0,IssuerB_privateKey.json=109
BLS,multiple,public_key_B_size,40,0,IssuerB_publicKey.json=140
BLS,multiple,create_credential_A_and_sign_root,40,0.307074,
BLS,multiple,create_credential_B_and_sign_root,40,0.306044,
BLS,multiple,credential_A_size,40,0,IssuerA_claimsA_issued_credential.json=306
BLS,multiple,credential_B_size,40,0,IssuerB_claimsB_issued_credential.json=304
BLS,multiple,signature_A_file_size,40,0,IssuerA_claimsA_signature.json=320
BLS,multiple,signature_B_file_size,40,0,IssuerB_claimsB_signature.json=320
BLS,multiple,create_required_claims_A,40,0.240323,
BLS,multiple,create_required_claims_B,40,0.250140,
BLS,multiple,create_selective_disclosure_A,40,6.234423,
BLS,multiple,create_selective_disclosure_B,40,0.970685,
BLS,multiple,revealed_claims_A_size,40,0,revealedClaims_IssuerA_claimsA_issued_credential.json=8106
BLS,multiple,revealed_claims_B_size,40,0,revealedClaims_IssuerB_claimsB_issued_credential.json=5130
BLS,multiple,verify_single_A,40,4.451943,
BLS,multiple,verify_single_B,40,0.627246,
BLS,multiple,create_presentation,40,0.205546,
BLS,multiple,aggregated_presentation_size,40,0,aggregatedClaimsAndSignatures.json=13667
BLS,multiple,verify_multiple,40,0.372649,
Falcon,multiple,keygen_A,40,0.790153,
Falcon,multiple,keygen_B,40,0.600478,
Falcon,multiple,private_key_A_size,40,0,IssuerA_falcon_privateKey.json=2607
Falcon,multiple,public_key_A_size,40,0,IssuerA_falcon_publicKey.json=1838
Falcon,multiple,private_key_B_size,40,0,IssuerB_falcon_privateKey.json=2607
Falcon,multiple,public_key_B_size,40,0,IssuerB_falcon_publicKey.json=1838
Falcon,multiple,create_credential_A_and_sign_root,40,0.344730,
Falcon,multiple,create_credential_B_and_sign_root,40,0.317742,
Falcon,multiple,credential_A_size,40,0,IssuerA_claimsA_issued_credential.json=307
Falcon,multiple,credential_B_size,40,0,IssuerB_claimsB_issued_credential.json=306
Falcon,multiple,signature_A_file_size,40,0,IssuerA_claimsA_signature.json=1460
Falcon,multiple,signature_B_file_size,40,0,IssuerB_claimsB_signature.json=1460
Falcon,multiple,create_required_claims_A,40,0.260299,
Falcon,multiple,create_required_claims_B,40,0.253806,
Falcon,multiple,create_selective_disclosure_A,40,6.209318,
Falcon,multiple,create_selective_disclosure_B,40,0.781230,
Falcon,multiple,revealed_claims_A_size,40,0,revealedClaims_IssuerA_claimsA_issued_credential.json=8108
Falcon,multiple,revealed_claims_B_size,40,0,revealedClaims_IssuerB_claimsB_issued_credential.json=5132
Falcon,multiple,verify_single_A,40,4.493353,
Falcon,multiple,verify_single_B,40,0.646846,
Falcon,multiple,create_presentation,40,0.213825,
Falcon,multiple,aggregated_presentation_size,40,0,aggregatedClaimsAndSignatures.json=16314
Falcon,multiple,verify_multiple,40,0.311193,
